season,recorded_air_subtype,result_family,standardized_air_subtype,probability_mean,probability_lower_95,probability_upper_95,basis,cell_status,partially_identified
1989,Fly,fielders_choice,Fly,0.352866401574,0.011261518063,0.882757742931,raked_from_pipeline_c_with_modern_mix,prior_only_cell,true
1989,Fly,fielders_choice,LineDrive,0.426353401806,0.013246885100,0.919923127293,raked_from_pipeline_c_with_modern_mix,prior_only_cell,true
1989,Fly,fielders_choice,PopUp,0.220780196620,0.004933227886,0.764136559678,raked_from_pipeline_c_with_modern_mix,prior_only_cell,true
1989,Fly,hit,Fly,0.708134632677,0.548745130909,0.832677858945,raked_from_pipeline_c_with_modern_mix,posterior_cell,true
1989,Fly,hit,LineDrive,0.282362534563,0.155076026156,0.445593121380,raked_from_pipeline_c_with_modern_mix,posterior_cell,true
1989,Fly,hit,PopUp,0.009502832761,0.001902832250,0.024898043809,raked_from_pipeline_c_with_modern_mix,posterior_cell,true
1989,Fly,out_in_play,Fly,0.836865354052,0.729547853757,0.898539057540,raked_from_pipeline_c_with_modern_mix,posterior_cell,true
1989,Fly,out_in_play,LineDrive,0.076267316108,0.031023032031,0.151898713075,raked_from_pipeline_c_with_modern_mix,posterior_cell,true
1989,Fly,out_in_play,PopUp,0.086867329840,0.042332271070,0.158033386394,raked_from_pipeline_c_with_modern_mix,posterior_cell,true
1989,Fly,reached_on_error,Fly,0.353385621339,0.011377608776,0.856357774093,raked_from_pipeline_c_with_modern_mix,prior_only_cell,true
1989,Fly,reached_on_error,LineDrive,0.418282972904,0.017119309632,0.907565351541,raked_from_pipeline_c_with_modern_mix,prior_only_cell,true
1989,Fly,reached_on_error,PopUp,0.228331405757,0.004904610604,0.743381847469,raked_from_pipeline_c_with_modern_mix,prior_only_cell,true
1989,Fly,sacrifice,Fly,0.901103756124,0.781805293338,0.972183649370,raked_from_pipeline_c_with_modern_mix,posterior_cell,true
1989,Fly,sacrifice,LineDrive,0.069903992209,0.010801899919,0.183535810940,raked_from_pipeline_c_with_modern_mix,posterior_cell,true
1989,Fly,sacrifice,PopUp,0.028992251667,0.003927060545,0.079326917882,raked_from_pipeline_c_with_modern_mix,posterior_cell,true
1989,LineDrive,fielders_choice,Fly,0.358615450379,0.010511390112,0.874925694961,raked_from_pipeline_c_with_modern_mix,prior_only_cell,true
1989,LineDrive,fielders_choice,LineDrive,0.421396969092,0.017330431903,0.913673911001,raked_from_pipeline_c_with_modern_mix,prior_only_cell,true
1989,LineDrive,fielders_choice,PopUp,0.219987580530,0.004783032965,0.741302528632,raked_from_pipeline_c_with_modern_mix,prior_only_cell,true
1989,LineDrive,hit,Fly,0.017612527635,0.004516451209,0.041287201890,raked_from_pipeline_c_with_modern_mix,posterior_cell,true
1989,LineDrive,hit,LineDrive,0.981791121182,0.957238138534,0.995139109272,raked_from_pipeline_c_with_modern_mix,posterior_cell,true
1989,LineDrive,hit,PopUp,0.000596351183,0.000000000000,0.003102660207,raked_from_pipeline_c_with_modern_mix,posterior_cell,true
1989,LineDrive,out_in_play,Fly,0.085346628505,0.038409886381,0.157799870713,raked_from_pipeline_c_with_modern_mix,posterior_cell,true
1989,LineDrive,out_in_play,LineDrive,0.913739973101,0.841984343301,0.961166557172,raked_from_pipeline_c_with_modern_mix,posterior_cell,true
1989,LineDrive,out_in_play,PopUp,0.000913398394,0.000000000022,0.004258948514,raked_from_pipeline_c_with_modern_mix,posterior_cell,true
1989,LineDrive,reached_on_error,Fly,0.153617714293,0.003761937932,0.516329758023,raked_from_pipeline_c_with_modern_mix,posterior_cell,true
1989,LineDrive,reached_on_error,LineDrive,0.751311675611,0.355416512343,0.974571499984,raked_from_pipeline_c_with_modern_mix,posterior_cell,true
1989,LineDrive,reached_on_error,PopUp,0.095070610097,0.001504351984,0.369559101472,raked_from_pipeline_c_with_modern_mix,posterior_cell,true
1989,LineDrive,sacrifice,Fly,0.137566087438,0.028473364165,0.322868665227,raked_from_pipeline_c_with_modern_mix,posterior_cell,true
1989,LineDrive,sacrifice,LineDrive,0.842541005970,0.647045071571,0.960783442211,raked_from_pipeline_c_with_modern_mix,posterior_cell,true
1989,LineDrive,sacrifice,PopUp,0.019892906592,0.000145414590,0.086969880214,raked_from_pipeline_c_with_modern_mix,posterior_cell,true
1989,PopUp,fielders_choice,Fly,0.348739883512,0.012305649040,0.864707595251,raked_from_pipeline_c_with_modern_mix,prior_only_cell,true
1989,PopUp,fielders_choice,LineDrive,0.427413081574,0.018033856741,0.914170829226,raked_from_pipeline_c_with_modern_mix,prior_only_cell,true
1989,PopUp,fielders_choice,PopUp,0.223847034914,0.004371121581,0.723557741960,raked_from_pipeline_c_with_modern_mix,prior_only_cell,true
1989,PopUp,hit,Fly,0.522172971202,0.190890560167,0.840787603251,raked_from_pipeline_c_with_modern_mix,posterior_cell,true
1989,PopUp,hit,LineDrive,0.169025241071,0.003096174997,0.531627696638,raked_from_pipeline_c_with_modern_mix,posterior_cell,true
1989,PopUp,hit,PopUp,0.308801787728,0.069454323249,0.657340590322,raked_from_pipeline_c_with_modern_mix,posterior_cell,true
1989,PopUp,out_in_play,Fly,0.168701381572,0.078179872131,0.295085400832,raked_from_pipeline_c_with_modern_mix,posterior_cell,true
1989,PopUp,out_in_play,LineDrive,0.004811777723,0.000000000012,0.020498240960,raked_from_pipeline_c_with_modern_mix,posterior_cell,true
1989,PopUp,out_in_play,PopUp,0.826486840705,0.694527300941,0.917127822243,raked_from_pipeline_c_with_modern_mix,posterior_cell,true
1989,PopUp,reached_on_error,Fly,0.216043761841,0.005286793734,0.649775889151,raked_from_pipeline_c_with_modern_mix,posterior_cell,true
1989,PopUp,reached_on_error,LineDrive,0.270927694209,0.007152894244,0.745053706773,raked_from_pipeline_c_with_modern_mix,posterior_cell,true
1989,PopUp,reached_on_error,PopUp,0.513028543951,0.131165510439,0.900127633204,raked_from_pipeline_c_with_modern_mix,posterior_cell,true
1989,PopUp,sacrifice,Fly,0.356588034096,0.011382243640,0.887982284126,raked_from_pipeline_c_with_modern_mix,prior_only_cell,true
1989,PopUp,sacrifice,LineDrive,0.424624676902,0.020474461190,0.914957554568,raked_from_pipeline_c_with_modern_mix,prior_only_cell,true
1989,PopUp,sacrifice,PopUp,0.218787289002,0.005014116051,0.741226550303,raked_from_pipeline_c_with_modern_mix,prior_only_cell,true
1990,Fly,fielders_choice,Fly,0.349432002020,0.011146216340,0.880900015144,raked_from_pipeline_c_with_modern_mix,prior_only_cell,true
1990,Fly,fielders_choice,LineDrive,0.442201601428,0.014151839166,0.926489881816,raked_from_pipeline_c_with_modern_mix,prior_only_cell,true
1990,Fly,fielders_choice,PopUp,0.208366396552,0.004438885284,0.746031077929,raked_from_pipeline_c_with_modern_mix,prior_only_cell,true
1990,Fly,hit,Fly,0.695326549136,0.531837174367,0.823823366725,raked_from_pipeline_c_with_modern_mix,posterior_cell,true
1990,Fly,hit,LineDrive,0.295903134161,0.164616784203,0.462039626383,raked_from_pipeline_c_with_modern_mix,posterior_cell,true
1990,Fly,hit,PopUp,0.008770316703,0.001724402176,0.022909568217,raked_from_pipeline_c_with_modern_mix,posterior_cell,true
1990,Fly,out_in_play,Fly,0.836875752084,0.729711079213,0.898552599827,raked_from_pipeline_c_with_modern_mix,posterior_cell,true
1990,Fly,out_in_play,LineDrive,0.081392800360,0.033408564428,0.160531058786,raked_from_pipeline_c_with_modern_mix,posterior_cell,true
1990,Fly,out_in_play,PopUp,0.081731447556,0.038887060330,0.149916426964,raked_from_pipeline_c_with_modern_mix,posterior_cell,true
1990,Fly,reached_on_error,Fly,0.350157990496,0.011246710807,0.854298368181,raked_from_pipeline_c_with_modern_mix,prior_only_cell,true
1990,Fly,reached_on_error,LineDrive,0.434403799674,0.018644544839,0.915712946816,raked_from_pipeline_c_with_modern_mix,prior_only_cell,true
1990,Fly,reached_on_error,PopUp,0.215438209831,0.004431208965,0.725600226920,raked_from_pipeline_c_with_modern_mix,prior_only_cell,true
1990,Fly,sacrifice,Fly,0.898511941970,0.776088053110,0.971744839229,raked_from_pipeline_c_with_modern_mix,posterior_cell,true
1990,Fly,sacrifice,LineDrive,0.074297772145,0.011596842598,0.192773801964,raked_from_pipeline_c_with_modern_mix,posterior_cell,true
1990,Fly,sacrifice,PopUp,0.027190285885,0.003663963735,0.074985415384,raked_from_pipeline_c_with_modern_mix,posterior_cell,true
1990,LineDrive,fielders_choice,Fly,0.355094975797,0.010319040881,0.871951874939,raked_from_pipeline_c_with_modern_mix,prior_only_cell,true
1990,LineDrive,fielders_choice,LineDrive,0.437408836878,0.019142179754,0.921459246542,raked_from_pipeline_c_with_modern_mix,prior_only_cell,true
1990,LineDrive,fielders_choice,PopUp,0.207496187325,0.004301566556,0.722319572830,raked_from_pipeline_c_with_modern_mix,prior_only_cell,true
1990,LineDrive,hit,Fly,0.016517601695,0.004224223061,0.038805697176,raked_from_pipeline_c_with_modern_mix,posterior_cell,true
1990,LineDrive,hit,LineDrive,0.982958313940,0.960123790775,0.995440750229,raked_from_pipeline_c_with_modern_mix,posterior_cell,true
1990,LineDrive,hit,PopUp,0.000524084366,0.000000000000,0.002733131567,raked_from_pipeline_c_with_modern_mix,posterior_cell,true
1990,LineDrive,out_in_play,Fly,0.080363301093,0.036028493659,0.146923012050,raked_from_pipeline_c_with_modern_mix,posterior_cell,true
1990,LineDrive,out_in_play,LineDrive,0.918820951415,0.851400885819,0.963578351255,raked_from_pipeline_c_with_modern_mix,posterior_cell,true
1990,LineDrive,out_in_play,PopUp,0.000815747492,0.000000000020,0.003753762818,raked_from_pipeline_c_with_modern_mix,posterior_cell,true
1990,LineDrive,reached_on_error,Fly,0.147899672231,0.003505368447,0.504582961892,raked_from_pipeline_c_with_modern_mix,posterior_cell,true
1990,LineDrive,reached_on_error,LineDrive,0.765616398912,0.375886823709,0.976420838620,raked_from_pipeline_c_with_modern_mix,posterior_cell,true
1990,LineDrive,reached_on_error,PopUp,0.086483928857,0.001319612892,0.345786443998,raked_from_pipeline_c_with_modern_mix,posterior_cell,true
1990,LineDrive,sacrifice,Fly,0.130500233900,0.026801255447,0.312231992043,raked_from_pipeline_c_with_modern_mix,posterior_cell,true
1990,LineDrive,sacrifice,LineDrive,0.851770482095,0.663724966340,0.963648201834,raked_from_pipeline_c_with_modern_mix,posterior_cell,true
1990,LineDrive,sacrifice,PopUp,0.017729284005,0.000127653136,0.077458858336,raked_from_pipeline_c_with_modern_mix,posterior_cell,true
1990,PopUp,fielders_choice,Fly,0.345282846318,0.011938569375,0.865058181920,raked_from_pipeline_c_with_modern_mix,prior_only_cell,true
1990,PopUp,fielders_choice,LineDrive,0.443629223017,0.019351696669,0.920199576323,raked_from_pipeline_c_with_modern_mix,prior_only_cell,true
1990,PopUp,fielders_choice,PopUp,0.211087930665,0.003982817684,0.706663923375,raked_from_pipeline_c_with_modern_mix,prior_only_cell,true
1990,PopUp,hit,Fly,0.525695310968,0.189288181278,0.842558070430,raked_from_pipeline_c_with_modern_mix,posterior_cell,true
1990,PopUp,hit,LineDrive,0.179945862746,0.003374028231,0.553997551866,raked_from_pipeline_c_with_modern_mix,posterior_cell,true
1990,PopUp,hit,PopUp,0.294358826286,0.063507228516,0.639304350747,raked_from_pipeline_c_with_modern_mix,posterior_cell,true
1990,PopUp,out_in_play,Fly,0.177009887784,0.082467323583,0.308231146907,raked_from_pipeline_c_with_modern_mix,posterior_cell,true
1990,PopUp,out_in_play,LineDrive,0.005376869956,0.000000000013,0.022971152866,raked_from_pipeline_c_with_modern_mix,posterior_cell,true
1990,PopUp,out_in_play,PopUp,0.817613242260,0.680305833416,0.913486639414,raked_from_pipeline_c_with_modern_mix,posterior_cell,true
1990,PopUp,reached_on_error,Fly,0.218573757794,0.005382601056,0.654531361690,raked_from_pipeline_c_with_modern_mix,posterior_cell,true
1990,PopUp,reached_on_error,LineDrive,0.288391491788,0.007942522331,0.769887090183,raked_from_pipeline_c_with_modern_mix,posterior_cell,true
1990,PopUp,reached_on_error,PopUp,0.493034750418,0.118548715998,0.890489094976,raked_from_pipeline_c_with_modern_mix,posterior_cell,true
1990,PopUp,sacrifice,Fly,0.352963734552,0.011159779011,0.888158925315,raked_from_pipeline_c_with_modern_mix,prior_only_cell,true
1990,PopUp,sacrifice,LineDrive,0.440820453859,0.021932329434,0.921441347183,raked_from_pipeline_c_with_modern_mix,prior_only_cell,true
1990,PopUp,sacrifice,PopUp,0.206215811590,0.004415325942,0.723836722449,raked_from_pipeline_c_with_modern_mix,prior_only_cell,true
1991,Fly,fielders_choice,Fly,0.345959019409,0.010811979490,0.878797355641,raked_from_pipeline_c_with_modern_mix,prior_only_cell,true
1991,Fly,fielders_choice,LineDrive,0.427376228484,0.013175428988,0.919546944480,raked_from_pipeline_c_with_modern_mix,prior_only_cell,true
1991,Fly,fielders_choice,PopUp,0.226664752107,0.005234014797,0.770671567974,raked_from_pipeline_c_with_modern_mix,prior_only_cell,true
1991,Fly,hit,Fly,0.701751959122,0.541078497473,0.827588854632,raked_from_pipeline_c_with_modern_mix,posterior_cell,true
1991,Fly,hit,LineDrive,0.288213636167,0.159773322496,0.452385054652,raked_from_pipeline_c_with_modern_mix,posterior_cell,true
1991,Fly,hit,PopUp,0.010034404711,0.001995734892,0.026274573788,raked_from_pipeline_c_with_modern_mix,posterior_cell,true
1991,Fly,out_in_play,Fly,0.830399365784,0.720248899146,0.894385974365,raked_from_pipeline_c_with_modern_mix,posterior_cell,true
1991,Fly,out_in_play,LineDrive,0.077944097989,0.032010017107,0.154996128299,raked_from_pipeline_c_with_modern_mix,posterior_cell,true
1991,Fly,out_in_play,PopUp,0.091656536227,0.044278607676,0.165403805830,raked_from_pipeline_c_with_modern_mix,posterior_cell,true
1991,Fly,reached_on_error,Fly,0.346216627872,0.010907033104,0.852031110527,raked_from_pipeline_c_with_modern_mix,prior_only_cell,true
1991,Fly,reached_on_error,LineDrive,0.419221159957,0.017409785146,0.908755535221,raked_from_pipeline_c_with_modern_mix,prior_only_cell,true
1991,Fly,reached_on_error,PopUp,0.234562212171,0.005211056942,0.752167552323,raked_from_pipeline_c_with_modern_mix,prior_only_cell,true
1991,Fly,sacrifice,Fly,0.897613094107,0.775467693207,0.971126056578,raked_from_pipeline_c_with_modern_mix,posterior_cell,true
1991,Fly,sacrifice,LineDrive,0.071670144099,0.011114368388,0.186982560073,raked_from_pipeline_c_with_modern_mix,posterior_cell,true
1991,Fly,sacrifice,PopUp,0.030716761794,0.004185561444,0.083564772564,raked_from_pipeline_c_with_modern_mix,posterior_cell,true
1991,LineDrive,fielders_choice,Fly,0.351543738873,0.010117800945,0.869715955416,raked_from_pipeline_c_with_modern_mix,prior_only_cell,true
1991,LineDrive,fielders_choice,LineDrive,0.422502121717,0.017523973552,0.912032901656,raked_from_pipeline_c_with_modern_mix,prior_only_cell,true
1991,LineDrive,fielders_choice,PopUp,0.225954139409,0.005018305421,0.750987683368,raked_from_pipeline_c_with_modern_mix,prior_only_cell,true
1991,LineDrive,hit,Fly,0.017105316551,0.004371570147,0.040052594720,raked_from_pipeline_c_with_modern_mix,posterior_cell,true
1991,LineDrive,hit,LineDrive,0.982273948082,0.958457976490,0.995282844831,raked_from_pipeline_c_with_modern_mix,posterior_cell,true
1991,LineDrive,hit,PopUp,0.000620735367,0.000000000000,0.003185497357,raked_from_pipeline_c_with_modern_mix,posterior_cell,true
1991,LineDrive,out_in_play,Fly,0.083034759068,0.037385705441,0.152842900321,raked_from_pipeline_c_with_modern_mix,posterior_cell,true
1991,LineDrive,out_in_play,LineDrive,0.916020473980,0.846779812374,0.962011751961,raked_from_pipeline_c_with_modern_mix,posterior_cell,true
1991,LineDrive,out_in_play,PopUp,0.000944766952,0.000000000023,0.004390578321,raked_from_pipeline_c_with_modern_mix,posterior_cell,true
1991,LineDrive,reached_on_error,Fly,0.149825171355,0.003646959513,0.508047453472,raked_from_pipeline_c_with_modern_mix,posterior_cell,true
1991,LineDrive,reached_on_error,LineDrive,0.752277632498,0.355709064723,0.974503676103,raked_from_pipeline_c_with_modern_mix,posterior_cell,true
1991,LineDrive,reached_on_error,PopUp,0.097897196147,0.001560624104,0.378745966714,raked_from_pipeline_c_with_modern_mix,posterior_cell,true
1991,LineDrive,sacrifice,Fly,0.134031349172,0.027708473053,0.317327396071,raked_from_pipeline_c_with_modern_mix,posterior_cell,true
1991,LineDrive,sacrifice,LineDrive,0.845346953188,0.652902103116,0.961712475751,raked_from_pipeline_c_with_modern_mix,posterior_cell,true
1991,LineDrive,sacrifice,PopUp,0.020621697640,0.000163761229,0.089590920265,raked_from_pipeline_c_with_modern_mix,posterior_cell,true
1991,PopUp,fielders_choice,Fly,0.341737619035,0.011858803153,0.861064003807,raked_from_pipeline_c_with_modern_mix,prior_only_cell,true
1991,PopUp,fielders_choice,LineDrive,0.428367902454,0.018120975379,0.914798733592,raked_from_pipeline_c_with_modern_mix,prior_only_cell,true
1991,PopUp,fielders_choice,PopUp,0.229894478511,0.004510232712,0.733870343384,raked_from_pipeline_c_with_modern_mix,prior_only_cell,true
1991,PopUp,hit,Fly,0.510975187214,0.183000956260,0.834816532858,raked_from_pipeline_c_with_modern_mix,posterior_cell,true
1991,PopUp,hit,LineDrive,0.169880869182,0.003079581777,0.533720193874,raked_from_pipeline_c_with_modern_mix,posterior_cell,true
1991,PopUp,hit,PopUp,0.319143943604,0.072429885568,0.667163464373,raked_from_pipeline_c_with_modern_mix,posterior_cell,true
1991,PopUp,out_in_play,Fly,0.160523666655,0.075485862266,0.282243218982,raked_from_pipeline_c_with_modern_mix,posterior_cell,true
1991,PopUp,out_in_play,LineDrive,0.004756614286,0.000000000011,0.020135035404,raked_from_pipeline_c_with_modern_mix,posterior_cell,true
1991,PopUp,out_in_play,PopUp,0.834719719059,0.708088696774,0.920795574304,raked_from_pipeline_c_with_modern_mix,posterior_cell,true
1991,PopUp,reached_on_error,Fly,0.209026399419,0.004989760363,0.637769124422,raked_from_pipeline_c_with_modern_mix,posterior_cell,true
1991,PopUp,reached_on_error,LineDrive,0.268852675718,0.006875429902,0.742713183927,raked_from_pipeline_c_with_modern_mix,posterior_cell,true
1991,PopUp,reached_on_error,PopUp,0.522120924864,0.133863451206,0.902468655680,raked_from_pipeline_c_with_modern_mix,posterior_cell,true
1991,PopUp,sacrifice,Fly,0.349647748746,0.010970878060,0.882581275687,raked_from_pipeline_c_with_modern_mix,prior_only_cell,true
1991,PopUp,sacrifice,LineDrive,0.425662104453,0.020468159453,0.915544438789,raked_from_pipeline_c_with_modern_mix,prior_only_cell,true
1991,PopUp,sacrifice,PopUp,0.224690146802,0.005153996220,0.748198714836,raked_from_pipeline_c_with_modern_mix,prior_only_cell,true
1992,Fly,fielders_choice,Fly,0.357513216608,0.011695521355,0.884845908590,raked_from_pipeline_c_with_modern_mix,prior_only_cell,true
1992,Fly,fielders_choice,LineDrive,0.433673266414,0.013526890388,0.922518974870,raked_from_pipeline_c_with_modern_mix,prior_only_cell,true
1992,Fly,fielders_choice,PopUp,0.208813516978,0.004494014826,0.741727487396,raked_from_pipeline_c_with_modern_mix,prior_only_cell,true
1992,Fly,hit,Fly,0.707342907491,0.546849966523,0.832453511167,raked_from_pipeline_c_with_modern_mix,posterior_cell,true
1992,Fly,hit,LineDrive,0.283990917959,0.155937728930,0.447720847847,raked_from_pipeline_c_with_modern_mix,posterior_cell,true
1992,Fly,hit,PopUp,0.008666174550,0.001712140075,0.022675117434,raked_from_pipeline_c_with_modern_mix,posterior_cell,true
1992,Fly,out_in_play,Fly,0.842699147847,0.739272109357,0.902386377568,raked_from_pipeline_c_with_modern_mix,posterior_cell,true
1992,Fly,out_in_play,LineDrive,0.077337125141,0.031721789014,0.153985359432,raked_from_pipeline_c_with_modern_mix,posterior_cell,true
1992,Fly,out_in_play,PopUp,0.079963727011,0.037706468974,0.147271771089,raked_from_pipeline_c_with_modern_mix,posterior_cell,true
1992,Fly,reached_on_error,Fly,0.358371253921,0.011727620037,0.859364031159,raked_from_pipeline_c_with_modern_mix,prior_only_cell,true
1992,Fly,reached_on_error,LineDrive,0.425822289803,0.017509699764,0.911949203580,raked_from_pipeline_c_with_modern_mix,prior_only_cell,true
1992,Fly,reached_on_error,PopUp,0.215806456275,0.004432033302,0.725381549646,raked_from_pipeline_c_with_modern_mix,prior_only_cell,true
1992,Fly,sacrifice,Fly,0.902923684644,0.784965293703,0.973122167352,raked_from_pipeline_c_with_modern_mix,posterior_cell,true
1992,Fly,sacrifice,LineDrive,0.070525586823,0.010919445729,0.184780081931,raked_from_pipeline_c_with_modern_mix,posterior_cell,true
1992,Fly,sacrifice,PopUp,0.026550728533,0.003614037500,0.073784983094,raked_from_pipeline_c_with_modern_mix,posterior_cell,true
1992,LineDrive,fielders_choice,Fly,0.363370484842,0.010846247017,0.878567772129,raked_from_pipeline_c_with_modern_mix,prior_only_cell,true
1992,LineDrive,fielders_choice,LineDrive,0.428711528984,0.018295488538,0.918335171395,raked_from_pipeline_c_with_modern_mix,prior_only_cell,true
1992,LineDrive,fielders_choice,PopUp,0.207917986174,0.004362590082,0.722096728630,raked_from_pipeline_c_with_modern_mix,prior_only_cell,true
1992,LineDrive,hit,Fly,0.017494424852,0.004474460170,0.041118181067,raked_from_pipeline_c_with_modern_mix,posterior_cell,true
1992,LineDrive,hit,LineDrive,0.981966755718,0.957599648831,0.995183689070,raked_from_pipeline_c_with_modern_mix,posterior_cell,true
1992,LineDrive,hit,PopUp,0.000538819430,0.000000000000,0.002829638052,raked_from_pipeline_c_with_modern_mix,posterior_cell,true
1992,LineDrive,out_in_play,Fly,0.084820980073,0.038139969835,0.156749297371,raked_from_pipeline_c_with_modern_mix,posterior_cell,true
1992,LineDrive,out_in_play,LineDrive,0.914345033830,0.843013706026,0.961475552591,raked_from_pipeline_c_with_modern_mix,posterior_cell,true
1992,LineDrive,out_in_play,PopUp,0.000833986097,0.000000000020,0.003826130323,raked_from_pipeline_c_with_modern_mix,posterior_cell,true
1992,LineDrive,reached_on_error,Fly,0.154110363406,0.003745432302,0.519419226666,raked_from_pipeline_c_with_modern_mix,posterior_cell,true
1992,LineDrive,reached_on_error,LineDrive,0.757919437304,0.363385758774,0.975214006403,raked_from_pipeline_c_with_modern_mix,posterior_cell,true
1992,LineDrive,reached_on_error,PopUp,0.087970199290,0.001370947963,0.347696466916,raked_from_pipeline_c_with_modern_mix,posterior_cell,true
1992,LineDrive,sacrifice,Fly,0.137065943928,0.028286568036,0.324482752209,raked_from_pipeline_c_with_modern_mix,posterior_cell,true
1992,LineDrive,sacrifice,LineDrive,0.844822567718,0.652742996966,0.961551035731,raked_from_pipeline_c_with_modern_mix,posterior_cell,true
1992,LineDrive,sacrifice,PopUp,0.018111488354,0.000130182950,0.079114598013,raked_from_pipeline_c_with_modern_mix,posterior_cell,true
1992,PopUp,fielders_choice,Fly,0.353459999736,0.012470717129,0.865901499129,raked_from_pipeline_c_with_modern_mix,prior_only_cell,true
1992,PopUp,fielders_choice,LineDrive,0.434975546957,0.018510871700,0.916782813210,raked_from_pipeline_c_with_modern_mix,prior_only_cell,true
1992,PopUp,fielders_choice,PopUp,0.211564453307,0.004021089807,0.707492790568,raked_from_pipeline_c_with_modern_mix,prior_only_cell,true
1992,PopUp,hit,Fly,0.534466900476,0.196574265289,0.847443088238,raked_from_pipeline_c_with_modern_mix,posterior_cell,true
1992,PopUp,hit,LineDrive,0.173858103468,0.003319530266,0.547080199077,raked_from_pipeline_c_with_modern_mix,posterior_cell,true
1992,PopUp,hit,PopUp,0.291674996056,0.062604673785,0.635273858637,raked_from_pipeline_c_with_modern_mix,posterior_cell,true
1992,PopUp,out_in_play,Fly,0.181182312287,0.085200802201,0.314896765427,raked_from_pipeline_c_with_modern_mix,posterior_cell,true
1992,PopUp,out_in_play,LineDrive,0.005164702086,0.000000000013,0.022203053432,raked_from_pipeline_c_with_modern_mix,posterior_cell,true
1992,PopUp,out_in_play,PopUp,0.813652985628,0.673672543068,0.911230108299,raked_from_pipeline_c_with_modern_mix,posterior_cell,true
1992,PopUp,reached_on_error,Fly,0.224093132434,0.005573349664,0.662674721923,raked_from_pipeline_c_with_modern_mix,posterior_cell,true
1992,PopUp,reached_on_error,LineDrive,0.282000529534,0.007636156243,0.761505685419,raked_from_pipeline_c_with_modern_mix,posterior_cell,true
1992,PopUp,reached_on_error,PopUp,0.493906338032,0.119015539563,0.892891881282,raked_from_pipeline_c_with_modern_mix,posterior_cell,true
1992,PopUp,sacrifice,Fly,0.361148110412,0.011633494217,0.892380061803,raked_from_pipeline_c_with_modern_mix,prior_only_cell,true
1992,PopUp,sacrifice,LineDrive,0.432096709013,0.020911997476,0.918174530949,raked_from_pipeline_c_with_modern_mix,prior_only_cell,true
1992,PopUp,sacrifice,PopUp,0.206755180575,0.004476322254,0.721606789457,raked_from_pipeline_c_with_modern_mix,prior_only_cell,true
1993,Fly,fielders_choice,Fly,0.352232318965,0.011308386980,0.882528911073,raked_from_pipeline_c_with_modern_mix,prior_only_cell,true
1993,Fly,fielders_choice,LineDrive,0.429647348432,0.013528965767,0.921494884162,raked_from_pipeline_c_with_modern_mix,prior_only_cell,true
1993,Fly,fielders_choice,PopUp,0.218120332603,0.004839718345,0.759084942361,raked_from_pipeline_c_with_modern_mix,prior_only_cell,true
1993,Fly,hit,Fly,0.705551917390,0.545832007212,0.830767995097,raked_from_pipeline_c_with_modern_mix,posterior_cell,true
1993,Fly,hit,LineDrive,0.285106504791,0.157052070172,0.448686753817,raked_from_pipeline_c_with_modern_mix,posterior_cell,true
1993,Fly,hit,PopUp,0.009341577819,0.001877230696,0.024551236766,raked_from_pipeline_c_with_modern_mix,posterior_cell,true
1993,Fly,out_in_play,Fly,0.836960152474,0.730439325876,0.898470898534,raked_from_pipeline_c_with_modern_mix,posterior_cell,true
1993,Fly,out_in_play,LineDrive,0.077299495849,0.031580948693,0.154347241446,raked_from_pipeline_c_with_modern_mix,posterior_cell,true
1993,Fly,out_in_play,PopUp,0.085740351677,0.041448565100,0.156054673462,raked_from_pipeline_c_with_modern_mix,posterior_cell,true
1993,Fly,reached_on_error,Fly,0.352799780976,0.011323454662,0.855943694304,raked_from_pipeline_c_with_modern_mix,prior_only_cell,true
1993,Fly,reached_on_error,LineDrive,0.421630994861,0.017379411731,0.909772361227,raked_from_pipeline_c_with_modern_mix,prior_only_cell,true
1993,Fly,reached_on_error,PopUp,0.225569224164,0.004818379938,0.739268099480,raked_from_pipeline_c_with_modern_mix,prior_only_cell,true
1993,Fly,sacrifice,Fly,0.900617757549,0.782184815439,0.972122018170,raked_from_pipeline_c_with_modern_mix,posterior_cell,true
1993,Fly,sacrifice,LineDrive,0.070787680985,0.010960184688,0.185465568949,raked_from_pipeline_c_with_modern_mix,posterior_cell,true
1993,Fly,sacrifice,PopUp,0.028594561466,0.003872207577,0.078597044118,raked_from_pipeline_c_with_modern_mix,posterior_cell,true
1993,LineDrive,fielders_choice,Fly,0.357966034150,0.010479086369,0.874230630225,raked_from_pipeline_c_with_modern_mix,prior_only_cell,true
1993,LineDrive,fielders_choice,LineDrive,0.424722380217,0.017582892887,0.915379383565,raked_from_pipeline_c_with_modern_mix,prior_only_cell,true
1993,LineDrive,fielders_choice,PopUp,0.217311585634,0.004682603776,0.737000626993,raked_from_pipeline_c_with_modern_mix,prior_only_cell,true
1993,LineDrive,hit,Fly,0.017382448242,0.004448616092,0.040769672960,raked_from_pipeline_c_with_modern_mix,posterior_cell,true
1993,LineDrive,hit,LineDrive,0.982037298044,0.957843926058,0.995192948971,raked_from_pipeline_c_with_modern_mix,posterior_cell,true
1993,LineDrive,hit,PopUp,0.000580253714,0.000000000000,0.003017849054,raked_from_pipeline_c_with_modern_mix,posterior_cell,true
1993,LineDrive,out_in_play,Fly,0.084303505465,0.038030542506,0.155536648683,raked_from_pipeline_c_with_modern_mix,posterior_cell,true
1993,LineDrive,out_in_play,LineDrive,0.914804615754,0.844139024640,0.961603025407,raked_from_pipeline_c_with_modern_mix,posterior_cell,true
1993,LineDrive,out_in_play,PopUp,0.000891878781,0.000000000022,0.004151043586,raked_from_pipeline_c_with_modern_mix,posterior_cell,true
1993,LineDrive,reached_on_error,Fly,0.152455127780,0.003709170384,0.514115201398,raked_from_pipeline_c_with_modern_mix,posterior_cell,true
1993,LineDrive,reached_on_error,LineDrive,0.754336044100,0.359935270603,0.975067167901,raked_from_pipeline_c_with_modern_mix,posterior_cell,true
1993,LineDrive,reached_on_error,PopUp,0.093208828120,0.001462998786,0.365216724266,raked_from_pipeline_c_with_modern_mix,posterior_cell,true
1993,LineDrive,sacrifice,Fly,0.136100022024,0.028123836929,0.320264657431,raked_from_pipeline_c_with_modern_mix,posterior_cell,true
1993,LineDrive,sacrifice,LineDrive,0.844482765639,0.650470364433,0.961341738949,raked_from_pipeline_c_with_modern_mix,posterior_cell,true
1993,LineDrive,sacrifice,PopUp,0.019417212337,0.000141920584,0.084971704590,raked_from_pipeline_c_with_modern_mix,posterior_cell,true
1993,PopUp,fielders_choice,Fly,0.348102975936,0.012171857107,0.864019210659,raked_from_pipeline_c_with_modern_mix,prior_only_cell,true
1993,PopUp,fielders_choice,LineDrive,0.430784198847,0.018284725529,0.915560124270,raked_from_pipeline_c_with_modern_mix,prior_only_cell,true
1993,PopUp,fielders_choice,PopUp,0.221112825217,0.004286298172,0.720492633455,raked_from_pipeline_c_with_modern_mix,prior_only_cell,true
1993,PopUp,hit,Fly,0.523042608616,0.191040157136,0.840033515321,raked_from_pipeline_c_with_modern_mix,posterior_cell,true
1993,PopUp,hit,LineDrive,0.171258356629,0.003152329473,0.536178572043,raked_from_pipeline_c_with_modern_mix,posterior_cell,true
1993,PopUp,hit,PopUp,0.305699034755,0.068022237143,0.653669669420,raked_from_pipeline_c_with_modern_mix,posterior_cell,true
1993,PopUp,out_in_play,Fly,0.170469263205,0.079296067850,0.297617196188,raked_from_pipeline_c_with_modern_mix,posterior_cell,true
1993,PopUp,out_in_play,LineDrive,0.004924987638,0.000000000012,0.020933612162,raked_from_pipeline_c_with_modern_mix,posterior_cell,true
1993,PopUp,out_in_play,PopUp,0.824605749157,0.689921433487,0.916411068857,raked_from_pipeline_c_with_modern_mix,posterior_cell,true
1993,PopUp,reached_on_error,Fly,0.216650166499,0.005281160741,0.650443293354,raked_from_pipeline_c_with_modern_mix,posterior_cell,true
1993,PopUp,reached_on_error,LineDrive,0.274542468198,0.007304346602,0.750463381578,raked_from_pipeline_c_with_modern_mix,posterior_cell,true
1993,PopUp,reached_on_error,PopUp,0.508807365302,0.128236910558,0.898153664656,raked_from_pipeline_c_with_modern_mix,posterior_cell,true
1993,PopUp,sacrifice,Fly,0.355917195381,0.011343875740,0.888414459794,raked_from_pipeline_c_with_modern_mix,prior_only_cell,true
1993,PopUp,sacrifice,LineDrive,0.427990680084,0.020731676585,0.916301489531,raked_from_pipeline_c_with_modern_mix,prior_only_cell,true
1993,PopUp,sacrifice,PopUp,0.216092124535,0.004883364912,0.738170151287,raked_from_pipeline_c_with_modern_mix,prior_only_cell,true
1994,Fly,fielders_choice,Fly,0.342574661753,0.010568902928,0.876488344554,raked_from_pipeline_c_with_modern_mix,prior_only_cell,true
1994,Fly,fielders_choice,LineDrive,0.425071795064,0.013030965108,0.918925336864,raked_from_pipeline_c_with_modern_mix,prior_only_cell,true
1994,Fly,fielders_choice,PopUp,0.232353543184,0.005505113209,0.780892508864,raked_from_pipeline_c_with_modern_mix,prior_only_cell,true
1994,Fly,hit,Fly,0.700343282860,0.539223555185,0.826469745807,raked_from_pipeline_c_with_modern_mix,posterior_cell,true
1994,Fly,hit,LineDrive,0.289150755449,0.160525562967,0.453356973967,raked_from_pipeline_c_with_modern_mix,posterior_cell,true
1994,Fly,hit,PopUp,0.010505961691,0.002080848510,0.027415920614,raked_from_pipeline_c_with_modern_mix,posterior_cell,true
1994,Fly,out_in_play,Fly,0.826515536528,0.714067932902,0.892065701437,raked_from_pipeline_c_with_modern_mix,posterior_cell,true
1994,Fly,out_in_play,LineDrive,0.077997160483,0.031777145864,0.154622376143,raked_from_pipeline_c_with_modern_mix,posterior_cell,true
1994,Fly,out_in_play,PopUp,0.095487302989,0.046513594846,0.170775737956,raked_from_pipeline_c_with_modern_mix,posterior_cell,true
1994,Fly,reached_on_error,Fly,0.342633920493,0.010661316127,0.850800901725,raked_from_pipeline_c_with_modern_mix,prior_only_cell,true
1994,Fly,reached_on_error,LineDrive,0.416816222626,0.017282823118,0.907303938778,raked_from_pipeline_c_with_modern_mix,prior_only_cell,true
1994,Fly,reached_on_error,PopUp,0.240549856881,0.005394487763,0.761653452031,raked_from_pipeline_c_with_modern_mix,prior_only_cell,true
1994,Fly,sacrifice,Fly,0.895991821563,0.772114403472,0.970642167203,raked_from_pipeline_c_with_modern_mix,posterior_cell,true
1994,Fly,sacrifice,LineDrive,0.071907745605,0.011153900344,0.187462564656,raked_from_pipeline_c_with_modern_mix,posterior_cell,true
1994,Fly,sacrifice,PopUp,0.032100432831,0.004357842422,0.087073090054,raked_from_pipeline_c_with_modern_mix,posterior_cell,true
1994,LineDrive,fielders_choice,Fly,0.348084144836,0.009915392514,0.867259774384,raked_from_pipeline_c_with_modern_mix,prior_only_cell,true
1994,LineDrive,fielders_choice,LineDrive,0.420197756240,0.017217940235,0.910002660669,raked_from_pipeline_c_with_modern_mix,prior_only_cell,true
1994,LineDrive,fielders_choice,PopUp,0.231718098924,0.005204485680,0.759051047477,raked_from_pipeline_c_with_modern_mix,prior_only_cell,true
1994,LineDrive,hit,Fly,0.017016283449,0.004350010800,0.039836519612,raked_from_pipeline_c_with_modern_mix,posterior_cell,true
1994,LineDrive,hit,LineDrive,0.982331193599,0.958610552278,0.995311410459,raked_from_pipeline_c_with_modern_mix,posterior_cell,true
1994,LineDrive,hit,PopUp,0.000652522952,0.000000000000,0.003314574305,raked_from_pipeline_c_with_modern_mix,posterior_cell,true
1994,LineDrive,out_in_play,Fly,0.082625390952,0.037166006349,0.152216906556,raked_from_pipeline_c_with_modern_mix,posterior_cell,true
1994,LineDrive,out_in_play,LineDrive,0.916391296261,0.847140869008,0.962164640581,raked_from_pipeline_c_with_modern_mix,posterior_cell,true
1994,LineDrive,out_in_play,PopUp,0.000983312787,0.000000000024,0.004547791078,raked_from_pipeline_c_with_modern_mix,posterior_cell,true
1994,LineDrive,reached_on_error,Fly,0.148674818015,0.003586583547,0.504573271476,raked_from_pipeline_c_with_modern_mix,posterior_cell,true
1994,LineDrive,reached_on_error,LineDrive,0.750138107327,0.351664884903,0.973895318013,raked_from_pipeline_c_with_modern_mix,posterior_cell,true
1994,LineDrive,reached_on_error,PopUp,0.101187074658,0.001669813237,0.388733054393,raked_from_pipeline_c_with_modern_mix,posterior_cell,true
1994,LineDrive,sacrifice,Fly,0.133291080127,0.027503001670,0.313260157404,raked_from_pipeline_c_with_modern_mix,posterior_cell,true
1994,LineDrive,sacrifice,LineDrive,0.845229174067,0.653134966657,0.961588153418,raked_from_pipeline_c_with_modern_mix,posterior_cell,true
1994,LineDrive,sacrifice,PopUp,0.021479745806,0.000169090883,0.092441547300,raked_from_pipeline_c_with_modern_mix,posterior_cell,true
1994,PopUp,fielders_choice,Fly,0.338307094121,0.011719747107,0.857739330579,raked_from_pipeline_c_with_modern_mix,prior_only_cell,true
1994,PopUp,fielders_choice,LineDrive,0.425954409172,0.017949263300,0.914074409612,raked_from_pipeline_c_with_modern_mix,prior_only_cell,true
1994,PopUp,fielders_choice,PopUp,0.235738496706,0.004781593121,0.742844994138,raked_from_pipeline_c_with_modern_mix,prior_only_cell,true
1994,PopUp,hit,Fly,0.503838296977,0.179161677199,0.829714206509,raked_from_pipeline_c_with_modern_mix,posterior_cell,true
1994,PopUp,hit,LineDrive,0.168402715154,0.003039781379,0.530757327691,raked_from_pipeline_c_with_modern_mix,posterior_cell,true
1994,PopUp,hit,PopUp,0.327758987869,0.074809350508,0.676141424539,raked_from_pipeline_c_with_modern_mix,posterior_cell,true
1994,PopUp,out_in_play,Fly,0.154588639113,0.073181352060,0.272670800505,raked_from_pipeline_c_with_modern_mix,posterior_cell,true
1994,PopUp,out_in_play,LineDrive,0.004632918395,0.000000000011,0.019416355748,raked_from_pipeline_c_with_modern_mix,posterior_cell,true
1994,PopUp,out_in_play,PopUp,0.840778442492,0.720537316517,0.923419076966,raked_from_pipeline_c_with_modern_mix,posterior_cell,true
1994,PopUp,reached_on_error,Fly,0.204593951514,0.004800499993,0.628044892585,raked_from_pipeline_c_with_modern_mix,posterior_cell,true
1994,PopUp,reached_on_error,LineDrive,0.264577138231,0.006652419289,0.736347031165,raked_from_pipeline_c_with_modern_mix,posterior_cell,true
1994,PopUp,reached_on_error,PopUp,0.530828910255,0.138751996925,0.907262283226,raked_from_pipeline_c_with_modern_mix,posterior_cell,true
1994,PopUp,sacrifice,Fly,0.346263300192,0.010799817918,0.879550167572,raked_from_pipeline_c_with_modern_mix,prior_only_cell,true
1994,PopUp,sacrifice,LineDrive,0.423290765053,0.020184211042,0.915217404312,raked_from_pipeline_c_with_modern_mix,prior_only_cell,true
1994,PopUp,sacrifice,PopUp,0.230445934755,0.005271932382,0.757983458126,raked_from_pipeline_c_with_modern_mix,prior_only_cell,true
1995,Fly,fielders_choice,Fly,0.359304114445,0.011454314258,0.882808354359,raked_from_pipeline_c_with_modern_mix,prior_only_cell,true
1995,Fly,fielders_choice,LineDrive,0.396211280159,0.011132675743,0.905445434038,raked_from_pipeline_c_with_modern_mix,prior_only_cell,true
1995,Fly,fielders_choice,PopUp,0.244484605396,0.006238091059,0.792823621149,raked_from_pipeline_c_with_modern_mix,prior_only_cell,true
1995,Fly,hit,Fly,0.731973995875,0.577750246001,0.848690389976,raked_from_pipeline_c_with_modern_mix,posterior_cell,true
1995,Fly,hit,LineDrive,0.257038682584,0.138044662891,0.416505289004,raked_from_pipeline_c_with_modern_mix,posterior_cell,true
1995,Fly,hit,PopUp,0.010987321541,0.002185519522,0.028619153223,raked_from_pipeline_c_with_modern_mix,posterior_cell,true
1995,Fly,out_in_play,Fly,0.836223664610,0.730887129884,0.899161871752,raked_from_pipeline_c_with_modern_mix,posterior_cell,true
1995,Fly,out_in_play,LineDrive,0.067119534039,0.026292389536,0.135526038049,raked_from_pipeline_c_with_modern_mix,posterior_cell,true
1995,Fly,out_in_play,PopUp,0.096656801351,0.046989051205,0.172422865153,raked_from_pipeline_c_with_modern_mix,posterior_cell,true
1995,Fly,reached_on_error,Fly,0.359352780149,0.012143229520,0.860189701587,raked_from_pipeline_c_with_modern_mix,prior_only_cell,true
1995,Fly,reached_on_error,LineDrive,0.387716208829,0.014466655558,0.894271458520,raked_from_pipeline_c_with_modern_mix,prior_only_cell,true
1995,Fly,reached_on_error,PopUp,0.252931011023,0.005749268949,0.776332340087,raked_from_pipeline_c_with_modern_mix,prior_only_cell,true
1995,Fly,sacrifice,Fly,0.905547623017,0.793168992454,0.972647949744,raked_from_pipeline_c_with_modern_mix,posterior_cell,true
1995,Fly,sacrifice,LineDrive,0.061979774101,0.009441075015,0.162177543477,raked_from_pipeline_c_with_modern_mix,posterior_cell,true
1995,Fly,sacrifice,PopUp,0.032472602882,0.004424197126,0.088876174428,raked_from_pipeline_c_with_modern_mix,posterior_cell,true
1995,LineDrive,fielders_choice,Fly,0.365195941382,0.011009233072,0.876842423573,raked_from_pipeline_c_with_modern_mix,prior_only_cell,true
1995,LineDrive,fielders_choice,LineDrive,0.390943950443,0.014737084877,0.896456264471,raked_from_pipeline_c_with_modern_mix,prior_only_cell,true
1995,LineDrive,fielders_choice,PopUp,0.243860108175,0.005865819643,0.777553163058,raked_from_pipeline_c_with_modern_mix,prior_only_cell,true
1995,LineDrive,hit,Fly,0.019975510863,0.005094979567,0.046793147973,raked_from_pipeline_c_with_modern_mix,posterior_cell,true
1995,LineDrive,hit,LineDrive,0.979259518360,0.950932998257,0.994349131349,raked_from_pipeline_c_with_modern_mix,posterior_cell,true
1995,LineDrive,hit,PopUp,0.000764970777,0.000000000000,0.003939441186,raked_from_pipeline_c_with_modern_mix,posterior_cell,true
1995,LineDrive,out_in_play,Fly,0.095932141071,0.043633066321,0.176539087295,raked_from_pipeline_c_with_modern_mix,posterior_cell,true
1995,LineDrive,out_in_play,LineDrive,0.902938858208,0.822158341202,0.956062374911,raked_from_pipeline_c_with_modern_mix,posterior_cell,true
1995,LineDrive,out_in_play,PopUp,0.001129000720,0.000000000028,0.005276980374,raked_from_pipeline_c_with_modern_mix,posterior_cell,true
1995,LineDrive,reached_on_error,Fly,0.164981129710,0.004178979384,0.536779237229,raked_from_pipeline_c_with_modern_mix,posterior_cell,true
1995,LineDrive,reached_on_error,LineDrive,0.722298886611,0.316605080349,0.969460677075,raked_from_pipeline_c_with_modern_mix,posterior_cell,true
1995,LineDrive,reached_on_error,PopUp,0.112719983679,0.001996291493,0.422063850085,raked_from_pipeline_c_with_modern_mix,posterior_cell,true
1995,LineDrive,sacrifice,Fly,0.152190551491,0.032215572259,0.347745404666,raked_from_pipeline_c_with_modern_mix,posterior_cell,true
1995,LineDrive,sacrifice,LineDrive,0.823237446291,0.612889153506,0.954330613386,raked_from_pipeline_c_with_modern_mix,posterior_cell,true
1995,LineDrive,sacrifice,PopUp,0.024572002218,0.000195101873,0.106699854414,raked_from_pipeline_c_with_modern_mix,posterior_cell,true
1995,PopUp,fielders_choice,Fly,0.355201804710,0.013536468925,0.868659733195,raked_from_pipeline_c_with_modern_mix,prior_only_cell,true
1995,PopUp,fielders_choice,LineDrive,0.396589429665,0.015139548716,0.898190359890,raked_from_pipeline_c_with_modern_mix,prior_only_cell,true
1995,PopUp,fielders_choice,PopUp,0.248208765625,0.005545110954,0.754805282639,raked_from_pipeline_c_with_modern_mix,prior_only_cell,true
1995,PopUp,hit,Fly,0.515253105064,0.186672704074,0.834735081471,raked_from_pipeline_c_with_modern_mix,posterior_cell,true
1995,PopUp,hit,LineDrive,0.149357723992,0.002538564452,0.488916424517,raked_from_pipeline_c_with_modern_mix,posterior_cell,true
1995,PopUp,hit,PopUp,0.335389170944,0.079597377809,0.684154298532,raked_from_pipeline_c_with_modern_mix,posterior_cell,true
1995,PopUp,out_in_play,Fly,0.154685047867,0.072910437853,0.273875838632,raked_from_pipeline_c_with_modern_mix,posterior_cell,true
1995,PopUp,out_in_play,LineDrive,0.003892104591,0.000000000009,0.016573375746,raked_from_pipeline_c_with_modern_mix,posterior_cell,true
1995,PopUp,out_in_play,PopUp,0.841422847542,0.722199547353,0.924249291383,raked_from_pipeline_c_with_modern_mix,posterior_cell,true
1995,PopUp,reached_on_error,Fly,0.211305633332,0.005138489901,0.632480164367,raked_from_pipeline_c_with_modern_mix,posterior_cell,true
1995,PopUp,reached_on_error,LineDrive,0.239406394431,0.005732051469,0.696005220526,raked_from_pipeline_c_with_modern_mix,posterior_cell,true
1995,PopUp,reached_on_error,PopUp,0.549287972237,0.151318310742,0.914089851192,raked_from_pipeline_c_with_modern_mix,posterior_cell,true
1995,PopUp,sacrifice,Fly,0.363289565379,0.012178064135,0.888333614641,raked_from_pipeline_c_with_modern_mix,prior_only_cell,true
1995,PopUp,sacrifice,LineDrive,0.393821926734,0.017132035662,0.899751602010,raked_from_pipeline_c_with_modern_mix,prior_only_cell,true
1995,PopUp,sacrifice,PopUp,0.242888507888,0.005855995192,0.765902749419,raked_from_pipeline_c_with_modern_mix,prior_only_cell,true
1996,Fly,fielders_choice,Fly,0.350821435827,0.010903107797,0.876671660913,raked_from_pipeline_c_with_modern_mix,prior_only_cell,true
1996,Fly,fielders_choice,LineDrive,0.379351319037,0.010127254334,0.896412125023,raked_from_pipeline_c_with_modern_mix,prior_only_cell,true
1996,Fly,fielders_choice,PopUp,0.269827245136,0.007392513322,0.820152642064,raked_from_pipeline_c_with_modern_mix,prior_only_cell,true
1996,Fly,hit,Fly,0.735843199684,0.582492934821,0.848688012087,raked_from_pipeline_c_with_modern_mix,posterior_cell,true
1996,Fly,hit,LineDrive,0.251074190602,0.134036795232,0.409961754746,raked_from_pipeline_c_with_modern_mix,posterior_cell,true
1996,Fly,hit,PopUp,0.013082609714,0.002668719447,0.033859575902,raked_from_pipeline_c_with_modern_mix,posterior_cell,true
1996,Fly,out_in_play,Fly,0.823816007133,0.713939145199,0.889680445773,raked_from_pipeline_c_with_modern_mix,posterior_cell,true
1996,Fly,out_in_play,LineDrive,0.064307140327,0.024924202708,0.128662329618,raked_from_pipeline_c_with_modern_mix,posterior_cell,true
1996,Fly,out_in_play,PopUp,0.111876852539,0.054895588309,0.195360268281,raked_from_pipeline_c_with_modern_mix,posterior_cell,true
1996,Fly,reached_on_error,Fly,0.350161138239,0.011518283582,0.847793157724,raked_from_pipeline_c_with_modern_mix,prior_only_cell,true
1996,Fly,reached_on_error,LineDrive,0.370484292115,0.013343712426,0.881460849908,raked_from_pipeline_c_with_modern_mix,prior_only_cell,true
1996,Fly,reached_on_error,PopUp,0.279354569646,0.007224640017,0.804483401503,raked_from_pipeline_c_with_modern_mix,prior_only_cell,true
1996,Fly,sacrifice,Fly,0.901932095124,0.785319321629,0.971332369713,raked_from_pipeline_c_with_modern_mix,posterior_cell,true
1996,Fly,sacrifice,LineDrive,0.060025650205,0.009096851297,0.157080470392,raked_from_pipeline_c_with_modern_mix,posterior_cell,true
1996,Fly,sacrifice,PopUp,0.038042254672,0.005319801099,0.103371802573,raked_from_pipeline_c_with_modern_mix,posterior_cell,true
1996,LineDrive,fielders_choice,Fly,0.356580908711,0.010358631137,0.868451163189,raked_from_pipeline_c_with_modern_mix,prior_only_cell,true
1996,LineDrive,fielders_choice,LineDrive,0.373958443210,0.013027230673,0.885183267772,raked_from_pipeline_c_with_modern_mix,prior_only_cell,true
1996,LineDrive,fielders_choice,PopUp,0.269460648079,0.007066816645,0.806367175923,raked_from_pipeline_c_with_modern_mix,prior_only_cell,true
1996,LineDrive,hit,Fly,0.020550455584,0.005228285717,0.047962591289,raked_from_pipeline_c_with_modern_mix,posterior_cell,true
1996,LineDrive,hit,LineDrive,0.978495881961,0.949436727470,0.994091016245,raked_from_pipeline_c_with_modern_mix,posterior_cell,true
1996,LineDrive,hit,PopUp,0.000953662455,0.000000000000,0.004771131977,raked_from_pipeline_c_with_modern_mix,posterior_cell,true
1996,LineDrive,out_in_play,Fly,0.098462185768,0.044740057748,0.181131729107,raked_from_pipeline_c_with_modern_mix,posterior_cell,true
1996,LineDrive,out_in_play,LineDrive,0.900180163784,0.816950277969,0.954883768668,raked_from_pipeline_c_with_modern_mix,posterior_cell,true
1996,LineDrive,out_in_play,PopUp,0.001357650448,0.000000000035,0.006398009762,raked_from_pipeline_c_with_modern_mix,posterior_cell,true
1996,LineDrive,reached_on_error,Fly,0.165034531732,0.004128829053,0.540232824631,raked_from_pipeline_c_with_modern_mix,posterior_cell,true
1996,LineDrive,reached_on_error,LineDrive,0.704990675113,0.291447579382,0.966107304428,raked_from_pipeline_c_with_modern_mix,posterior_cell,true
1996,LineDrive,reached_on_error,PopUp,0.129974793155,0.002421906956,0.461905236897,raked_from_pipeline_c_with_modern_mix,posterior_cell,true
1996,LineDrive,sacrifice,Fly,0.154997317697,0.033269106918,0.354035253874,raked_from_pipeline_c_with_modern_mix,posterior_cell,true
1996,LineDrive,sacrifice,LineDrive,0.815632535651,0.601429432699,0.951481051670,raked_from_pipeline_c_with_modern_mix,posterior_cell,true
1996,LineDrive,sacrifice,PopUp,0.029370146652,0.000238777279,0.126240506164,raked_from_pipeline_c_with_modern_mix,posterior_cell,true
1996,PopUp,fielders_choice,Fly,0.346631740426,0.012690400847,0.859910218980,raked_from_pipeline_c_with_modern_mix,prior_only_cell,true
1996,PopUp,fielders_choice,LineDrive,0.379227856401,0.014032234845,0.890219633092,raked_from_pipeline_c_with_modern_mix,prior_only_cell,true
1996,PopUp,fielders_choice,PopUp,0.274140403172,0.006442110902,0.788316205835,raked_from_pipeline_c_with_modern_mix,prior_only_cell,true
1996,PopUp,hit,Fly,0.491328343484,0.170579129083,0.815549016801,raked_from_pipeline_c_with_modern_mix,posterior_cell,true
1996,PopUp,hit,LineDrive,0.139099158284,0.002327182440,0.464838153811,raked_from_pipeline_c_with_modern_mix,posterior_cell,true
1996,PopUp,hit,PopUp,0.369572498231,0.093428242253,0.715902190220,raked_from_pipeline_c_with_modern_mix,posterior_cell,true
1996,PopUp,out_in_play,Fly,0.134948813084,0.063085837804,0.238451506072,raked_from_pipeline_c_with_modern_mix,posterior_cell,true
1996,PopUp,out_in_play,LineDrive,0.003352265920,0.000000000008,0.013894427304,raked_from_pipeline_c_with_modern_mix,posterior_cell,true
1996,PopUp,out_in_play,PopUp,0.861698920996,0.752789907107,0.935279289170,raked_from_pipeline_c_with_modern_mix,posterior_cell,true
1996,PopUp,reached_on_error,Fly,0.196635260402,0.004707108829,0.606972550911,raked_from_pipeline_c_with_modern_mix,posterior_cell,true
1996,PopUp,reached_on_error,LineDrive,0.218105247240,0.005071536794,0.664015104699,raked_from_pipeline_c_with_modern_mix,posterior_cell,true
1996,PopUp,reached_on_error,PopUp,0.585259492358,0.172727897489,0.927949794544,raked_from_pipeline_c_with_modern_mix,posterior_cell,true
1996,PopUp,sacrifice,Fly,0.354904856036,0.011656930029,0.878629969710,raked_from_pipeline_c_with_modern_mix,prior_only_cell,true
1996,PopUp,sacrifice,LineDrive,0.376555655180,0.015631908956,0.889795869565,raked_from_pipeline_c_with_modern_mix,prior_only_cell,true
1996,PopUp,sacrifice,PopUp,0.268539488784,0.007266502691,0.795436793423,raked_from_pipeline_c_with_modern_mix,prior_only_cell,true
1997,Fly,fielders_choice,Fly,0.368670181601,0.012016140617,0.887960910171,raked_from_pipeline_c_with_modern_mix,prior_only_cell,true
1997,Fly,fielders_choice,LineDrive,0.350705461377,0.008611637388,0.879150940172,raked_from_pipeline_c_with_modern_mix,prior_only_cell,true
1997,Fly,fielders_choice,PopUp,0.280624357022,0.008203924723,0.830982192767,raked_from_pipeline_c_with_modern_mix,prior_only_cell,true
1997,Fly,hit,Fly,0.766577621657,0.618902975363,0.871187626967,raked_from_pipeline_c_with_modern_mix,posterior_cell,true
1997,Fly,hit,LineDrive,0.220017650621,0.113407322196,0.368412360060,raked_from_pipeline_c_with_modern_mix,posterior_cell,true
1997,Fly,hit,PopUp,0.013404727722,0.002722168710,0.034323515934,raked_from_pipeline_c_with_modern_mix,posterior_cell,true
1997,Fly,out_in_play,Fly,0.833935227643,0.730749839438,0.896515142634,raked_from_pipeline_c_with_modern_mix,posterior_cell,true
1997,Fly,out_in_play,LineDrive,0.054646922704,0.020435850309,0.111666825848,raked_from_pipeline_c_with_modern_mix,posterior_cell,true
1997,Fly,out_in_play,PopUp,0.111417849653,0.054340121801,0.194526961024,raked_from_pipeline_c_with_modern_mix,posterior_cell,true
1997,Fly,reached_on_error,Fly,0.367956950475,0.012869654938,0.863908275816,raked_from_pipeline_c_with_modern_mix,prior_only_cell,true
1997,Fly,reached_on_error,LineDrive,0.341760446585,0.011326651061,0.862309586790,raked_from_pipeline_c_with_modern_mix,prior_only_cell,true
1997,Fly,reached_on_error,PopUp,0.290282602940,0.007507199299,0.812006751943,raked_from_pipeline_c_with_modern_mix,prior_only_cell,true
1997,Fly,sacrifice,Fly,0.911152981669,0.802852179096,0.973835798740,raked_from_pipeline_c_with_modern_mix,posterior_cell,true
1997,Fly,sacrifice,LineDrive,0.051031013965,0.007363065181,0.135123974436,raked_from_pipeline_c_with_modern_mix,posterior_cell,true
1997,Fly,sacrifice,PopUp,0.037816004366,0.005307166235,0.102979640778,raked_from_pipeline_c_with_modern_mix,posterior_cell,true
1997,LineDrive,fielders_choice,Fly,0.374784518445,0.011240555838,0.879251286124,raked_from_pipeline_c_with_modern_mix,prior_only_cell,true
1997,LineDrive,fielders_choice,LineDrive,0.345010853959,0.010915177473,0.867512723169,raked_from_pipeline_c_with_modern_mix,prior_only_cell,true
1997,LineDrive,fielders_choice,PopUp,0.280204627596,0.007586037882,0.813367533006,raked_from_pipeline_c_with_modern_mix,prior_only_cell,true
1997,LineDrive,hit,Fly,0.024644307471,0.006156811071,0.057118580391,raked_from_pipeline_c_with_modern_mix,posterior_cell,true
1997,LineDrive,hit,LineDrive,0.974238398996,0.940274826237,0.993062717107,raked_from_pipeline_c_with_modern_mix,posterior_cell,true
1997,LineDrive,hit,PopUp,0.001117293533,0.000000000000,0.005566239712,raked_from_pipeline_c_with_modern_mix,posterior_cell,true
1997,LineDrive,out_in_play,Fly,0.115387650879,0.051429514010,0.213904882116,raked_from_pipeline_c_with_modern_mix,posterior_cell,true
1997,LineDrive,out_in_play,LineDrive,0.883066308345,0.783650624102,0.947963541298,raked_from_pipeline_c_with_modern_mix,posterior_cell,true
1997,LineDrive,out_in_play,PopUp,0.001546040776,0.000000000041,0.007306016518,raked_from_pipeline_c_with_modern_mix,posterior_cell,true
1997,LineDrive,reached_on_error,Fly,0.183442187131,0.005036620086,0.578776425476,raked_from_pipeline_c_with_modern_mix,posterior_cell,true
1997,LineDrive,reached_on_error,LineDrive,0.673850614223,0.261180976206,0.960653286776,raked_from_pipeline_c_with_modern_mix,posterior_cell,true
1997,LineDrive,reached_on_error,PopUp,0.142707198646,0.002839342170,0.497740660523,raked_from_pipeline_c_with_modern_mix,posterior_cell,true
1997,LineDrive,sacrifice,Fly,0.177717413853,0.039813001250,0.394668226985,raked_from_pipeline_c_with_modern_mix,posterior_cell,true
1997,LineDrive,sacrifice,LineDrive,0.789112175949,0.558684260879,0.942881920074,raked_from_pipeline_c_with_modern_mix,posterior_cell,true
1997,LineDrive,sacrifice,PopUp,0.033170410198,0.000276570680,0.142919443970,raked_from_pipeline_c_with_modern_mix,posterior_cell,true
1997,PopUp,fielders_choice,Fly,0.364636094821,0.014768063059,0.870950349172,raked_from_pipeline_c_with_modern_mix,prior_only_cell,true
1997,PopUp,fielders_choice,LineDrive,0.350128682505,0.011549297625,0.872535578887,raked_from_pipeline_c_with_modern_mix,prior_only_cell,true
1997,PopUp,fielders_choice,PopUp,0.285235222673,0.007129400412,0.797966184528,raked_from_pipeline_c_with_modern_mix,prior_only_cell,true
1997,PopUp,hit,Fly,0.504137935317,0.181473787275,0.825171426452,raked_from_pipeline_c_with_modern_mix,posterior_cell,true
1997,PopUp,hit,LineDrive,0.122181656197,0.001928179124,0.423312616690,raked_from_pipeline_c_with_modern_mix,posterior_cell,true
1997,PopUp,hit,PopUp,0.373680408486,0.095235549641,0.719356439240,raked_from_pipeline_c_with_modern_mix,posterior_cell,true
1997,PopUp,out_in_play,Fly,0.136955142481,0.063853044104,0.241499294616,raked_from_pipeline_c_with_modern_mix,posterior_cell,true
1997,PopUp,out_in_play,LineDrive,0.002770791826,0.000000000006,0.011849801356,raked_from_pipeline_c_with_modern_mix,posterior_cell,true
1997,PopUp,out_in_play,PopUp,0.860274065693,0.750586400872,0.934578689146,raked_from_pipeline_c_with_modern_mix,posterior_cell,true
1997,PopUp,reached_on_error,Fly,0.204202913781,0.005260977112,0.619888411320,raked_from_pipeline_c_with_modern_mix,posterior_cell,true
1997,PopUp,reached_on_error,LineDrive,0.195782237826,0.004290547309,0.622197690483,raked_from_pipeline_c_with_modern_mix,posterior_cell,true
1997,PopUp,reached_on_error,PopUp,0.600014848393,0.184392920191,0.933540094318,raked_from_pipeline_c_with_modern_mix,posterior_cell,true
1997,PopUp,sacrifice,Fly,0.372944797252,0.012689374161,0.892561535792,raked_from_pipeline_c_with_modern_mix,prior_only_cell,true
1997,PopUp,sacrifice,LineDrive,0.347410709924,0.013487381807,0.875310649587,raked_from_pipeline_c_with_modern_mix,prior_only_cell,true
1997,PopUp,sacrifice,PopUp,0.279644492825,0.007663287469,0.808387447367,raked_from_pipeline_c_with_modern_mix,prior_only_cell,true
1998,Fly,fielders_choice,Fly,0.366338761411,0.011969169527,0.887371053538,raked_from_pipeline_c_with_modern_mix,prior_only_cell,true
1998,Fly,fielders_choice,LineDrive,0.385353189489,0.010623372928,0.899876792860,raked_from_pipeline_c_with_modern_mix,prior_only_cell,true
1998,Fly,fielders_choice,PopUp,0.248308049100,0.006393852981,0.796278939537,raked_from_pipeline_c_with_modern_mix,prior_only_cell,true
1998,Fly,hit,Fly,0.743942869007,0.590960083721,0.858132055052,raked_from_pipeline_c_with_modern_mix,posterior_cell,true
1998,Fly,hit,LineDrive,0.244966260871,0.129892291750,0.402229080044,raked_from_pipeline_c_with_modern_mix,posterior_cell,true
1998,Fly,hit,PopUp,0.011090870123,0.002230027710,0.028856099312,raked_from_pipeline_c_with_modern_mix,posterior_cell,true
1998,Fly,out_in_play,Fly,0.840291490469,0.737162033252,0.901289797226,raked_from_pipeline_c_with_modern_mix,posterior_cell,true
1998,Fly,out_in_play,LineDrive,0.063219096957,0.024515795574,0.128240896820,raked_from_pipeline_c_with_modern_mix,posterior_cell,true
1998,Fly,out_in_play,PopUp,0.096489412574,0.046637271549,0.172043325973,raked_from_pipeline_c_with_modern_mix,posterior_cell,true
1998,Fly,reached_on_error,Fly,0.366399886360,0.012774472147,0.864781086672,raked_from_pipeline_c_with_modern_mix,prior_only_cell,true
1998,Fly,reached_on_error,LineDrive,0.376802630492,0.013578349222,0.887388061155,raked_from_pipeline_c_with_modern_mix,prior_only_cell,true
1998,Fly,reached_on_error,PopUp,0.256797483148,0.005914596591,0.780828048749,raked_from_pipeline_c_with_modern_mix,prior_only_cell,true
1998,Fly,sacrifice,Fly,0.909215886798,0.797805647184,0.973892394734,raked_from_pipeline_c_with_modern_mix,posterior_cell,true
1998,Fly,sacrifice,LineDrive,0.058389791564,0.008708811727,0.152474572676,raked_from_pipeline_c_with_modern_mix,posterior_cell,true
1998,Fly,sacrifice,PopUp,0.032394321638,0.004465551300,0.088821400352,raked_from_pipeline_c_with_modern_mix,posterior_cell,true
1998,LineDrive,fielders_choice,Fly,0.372381517970,0.011547694117,0.881558492705,raked_from_pipeline_c_with_modern_mix,prior_only_cell,true
1998,LineDrive,fielders_choice,LineDrive,0.379951766404,0.013819430010,0.891082236725,raked_from_pipeline_c_with_modern_mix,prior_only_cell,true
1998,LineDrive,fielders_choice,PopUp,0.247666715626,0.006072478742,0.780132736517,raked_from_pipeline_c_with_modern_mix,prior_only_cell,true
1998,LineDrive,hit,Fly,0.021310455917,0.005401503918,0.049773422673,raked_from_pipeline_c_with_modern_mix,posterior_cell,true
1998,LineDrive,hit,LineDrive,0.977880303950,0.948074507069,0.993883320451,raked_from_pipeline_c_with_modern_mix,posterior_cell,true
1998,LineDrive,hit,PopUp,0.000809240134,0.000000000000,0.004172406098,raked_from_pipeline_c_with_modern_mix,posterior_cell,true
1998,LineDrive,out_in_play,Fly,0.101780991480,0.046281847558,0.187030714181,raked_from_pipeline_c_with_modern_mix,posterior_cell,true
1998,LineDrive,out_in_play,LineDrive,0.897034477253,0.811242713488,0.953501215725,raked_from_pipeline_c_with_modern_mix,posterior_cell,true
1998,LineDrive,out_in_play,PopUp,0.001184531267,0.000000000030,0.005570200014,raked_from_pipeline_c_with_modern_mix,posterior_cell,true
1998,LineDrive,reached_on_error,Fly,0.171852214114,0.004483298093,0.553387932576,raked_from_pipeline_c_with_modern_mix,posterior_cell,true
1998,LineDrive,reached_on_error,LineDrive,0.711250182485,0.306249294616,0.967495388887,raked_from_pipeline_c_with_modern_mix,posterior_cell,true
1998,LineDrive,reached_on_error,PopUp,0.116897603401,0.002056056941,0.433879790872,raked_from_pipeline_c_with_modern_mix,posterior_cell,true
1998,LineDrive,sacrifice,Fly,0.160301699931,0.034632295328,0.364367345287,raked_from_pipeline_c_with_modern_mix,posterior_cell,true
1998,LineDrive,sacrifice,LineDrive,0.813970266873,0.598356391931,0.952007542201,raked_from_pipeline_c_with_modern_mix,posterior_cell,true
1998,LineDrive,sacrifice,PopUp,0.025728033196,0.000204933444,0.113877810565,raked_from_pipeline_c_with_modern_mix,posterior_cell,true
1998,PopUp,fielders_choice,Fly,0.362312255709,0.014205492093,0.870789964293,raked_from_pipeline_c_with_modern_mix,prior_only_cell,true
1998,PopUp,fielders_choice,LineDrive,0.385548253212,0.014174261113,0.892370278020,raked_from_pipeline_c_with_modern_mix,prior_only_cell,true
1998,PopUp,fielders_choice,PopUp,0.252139491079,0.005578419828,0.758128670673,raked_from_pipeline_c_with_modern_mix,prior_only_cell,true
1998,PopUp,hit,Fly,0.520587004231,0.189461675839,0.837651535402,raked_from_pipeline_c_with_modern_mix,posterior_cell,true
1998,PopUp,hit,LineDrive,0.142518766667,0.002351096483,0.473873688001,raked_from_pipeline_c_with_modern_mix,posterior_cell,true
1998,PopUp,hit,PopUp,0.336894229102,0.080244548524,0.685163005855,raked_from_pipeline_c_with_modern_mix,posterior_cell,true
1998,PopUp,out_in_play,Fly,0.155601556285,0.073351396002,0.275195206389,raked_from_pipeline_c_with_modern_mix,posterior_cell,true
1998,PopUp,out_in_play,LineDrive,0.003640451480,0.000000000009,0.015714378355,raked_from_pipeline_c_with_modern_mix,posterior_cell,true
1998,PopUp,out_in_play,PopUp,0.840757992235,0.720483816204,0.924265604416,raked_from_pipeline_c_with_modern_mix,posterior_cell,true
1998,PopUp,reached_on_error,Fly,0.214550445361,0.005325137954,0.636529276241,raked_from_pipeline_c_with_modern_mix,posterior_cell,true
1998,PopUp,reached_on_error,LineDrive,0.230476158301,0.005443726130,0.682799881355,raked_from_pipeline_c_with_modern_mix,posterior_cell,true
1998,PopUp,reached_on_error,PopUp,0.554973396338,0.155334749503,0.916787730937,raked_from_pipeline_c_with_modern_mix,posterior_cell,true
1998,PopUp,sacrifice,Fly,0.370424316784,0.012745978950,0.890177952822,raked_from_pipeline_c_with_modern_mix,prior_only_cell,true
1998,PopUp,sacrifice,LineDrive,0.382754983483,0.016293157696,0.895355793125,raked_from_pipeline_c_with_modern_mix,prior_only_cell,true
1998,PopUp,sacrifice,PopUp,0.246820699733,0.006073377463,0.769168451310,raked_from_pipeline_c_with_modern_mix,prior_only_cell,true
1999,Fly,fielders_choice,Fly,0.336335723156,0.010310933372,0.873464623802,raked_from_pipeline_c_with_modern_mix,prior_only_cell,true
1999,Fly,fielders_choice,LineDrive,0.453822693701,0.015185972913,0.930842985809,raked_from_pipeline_c_with_modern_mix,prior_only_cell,true
1999,Fly,fielders_choice,PopUp,0.209841583143,0.004352472728,0.750871352316,raked_from_pipeline_c_with_modern_mix,prior_only_cell,true
1999,Fly,hit,Fly,0.676560934054,0.511281670030,0.809905929560,raked_from_pipeline_c_with_modern_mix,posterior_cell,true
1999,Fly,hit,LineDrive,0.314353982492,0.177664384494,0.482365744801,raked_from_pipeline_c_with_modern_mix,posterior_cell,true
1999,Fly,hit,PopUp,0.009085083455,0.001778502535,0.023901262658,raked_from_pipeline_c_with_modern_mix,posterior_cell,true
1999,Fly,out_in_play,Fly,0.826448023280,0.712632545721,0.892194232855,raked_from_pipeline_c_with_modern_mix,posterior_cell,true
1999,Fly,out_in_play,LineDrive,0.087709837768,0.035975780427,0.172069616758,raked_from_pipeline_c_with_modern_mix,posterior_cell,true
1999,Fly,out_in_play,PopUp,0.085842138952,0.041617591275,0.157083097615,raked_from_pipeline_c_with_modern_mix,posterior_cell,true
1999,Fly,reached_on_error,Fly,0.336792531135,0.010235188213,0.845062562902,raked_from_pipeline_c_with_modern_mix,prior_only_cell,true
1999,Fly,reached_on_error,LineDrive,0.446072447018,0.020392645585,0.920286567353,raked_from_pipeline_c_with_modern_mix,prior_only_cell,true
1999,Fly,reached_on_error,PopUp,0.217135021847,0.004552879231,0.725183037580,raked_from_pipeline_c_with_modern_mix,prior_only_cell,true
1999,Fly,sacrifice,Fly,0.891054818608,0.760301100222,0.969519299239,raked_from_pipeline_c_with_modern_mix,posterior_cell,true
1999,Fly,sacrifice,LineDrive,0.080266548337,0.012676319256,0.204150629238,raked_from_pipeline_c_with_modern_mix,posterior_cell,true
1999,Fly,sacrifice,PopUp,0.028678633054,0.003871017534,0.078753589976,raked_from_pipeline_c_with_modern_mix,posterior_cell,true
1999,LineDrive,fielders_choice,Fly,0.341681523916,0.009456822641,0.864170917919,raked_from_pipeline_c_with_modern_mix,prior_only_cell,true
1999,LineDrive,fielders_choice,LineDrive,0.449301809476,0.020374795334,0.924738019006,raked_from_pipeline_c_with_modern_mix,prior_only_cell,true
1999,LineDrive,fielders_choice,PopUp,0.209016666608,0.004278161537,0.727587895461,raked_from_pipeline_c_with_modern_mix,prior_only_cell,true
1999,LineDrive,hit,Fly,0.015150631477,0.003847351484,0.035726172493,raked_from_pipeline_c_with_modern_mix,posterior_cell,true
1999,LineDrive,hit,LineDrive,0.984336075080,0.963098487280,0.995661430438,raked_from_pipeline_c_with_modern_mix,posterior_cell,true
1999,LineDrive,hit,PopUp,0.000513293443,0.000000000000,0.002654542005,raked_from_pipeline_c_with_modern_mix,posterior_cell,true
1999,LineDrive,out_in_play,Fly,0.074057595871,0.032987899017,0.137502572896,raked_from_pipeline_c_with_modern_mix,posterior_cell,true
1999,LineDrive,out_in_play,LineDrive,0.925139913447,0.861686548105,0.966759757709,raked_from_pipeline_c_with_modern_mix,posterior_cell,true
1999,LineDrive,out_in_play,PopUp,0.000802490682,0.000000000019,0.003670537277,raked_from_pipeline_c_with_modern_mix,posterior_cell,true
1999,LineDrive,reached_on_error,Fly,0.138670645389,0.003216637431,0.480570629905,raked_from_pipeline_c_with_modern_mix,posterior_cell,true
1999,LineDrive,reached_on_error,LineDrive,0.775824890194,0.390290054504,0.977717251235,raked_from_pipeline_c_with_modern_mix,posterior_cell,true
1999,LineDrive,reached_on_error,PopUp,0.085504464417,0.001290183289,0.339311213051,raked_from_pipeline_c_with_modern_mix,posterior_cell,true
1999,LineDrive,sacrifice,Fly,0.121047854259,0.024692779434,0.291718802787,raked_from_pipeline_c_with_modern_mix,posterior_cell,true
1999,LineDrive,sacrifice,LineDrive,0.861474991950,0.683497905806,0.966717787834,raked_from_pipeline_c_with_modern_mix,posterior_cell,true
1999,LineDrive,sacrifice,PopUp,0.017477153791,0.000126703535,0.077144379744,raked_from_pipeline_c_with_modern_mix,posterior_cell,true
1999,PopUp,fielders_choice,Fly,0.332036285072,0.011114266910,0.855458027035,raked_from_pipeline_c_with_modern_mix,prior_only_cell,true
1999,PopUp,fielders_choice,LineDrive,0.455383211792,0.020833884882,0.925544695883,raked_from_pipeline_c_with_modern_mix,prior_only_cell,true
1999,PopUp,fielders_choice,PopUp,0.212580503136,0.003886776965,0.711303945177,raked_from_pipeline_c_with_modern_mix,prior_only_cell,true
1999,PopUp,hit,Fly,0.509892881893,0.177588002001,0.832591396785,raked_from_pipeline_c_with_modern_mix,posterior_cell,true
1999,PopUp,hit,LineDrive,0.188495715076,0.003548676221,0.571790660113,raked_from_pipeline_c_with_modern_mix,posterior_cell,true
1999,PopUp,hit,PopUp,0.301611403031,0.065384215830,0.650019089861,raked_from_pipeline_c_with_modern_mix,posterior_cell,true
1999,PopUp,out_in_play,Fly,0.168429727207,0.078171535725,0.294029961293,raked_from_pipeline_c_with_modern_mix,posterior_cell,true
1999,PopUp,out_in_play,LineDrive,0.005637648698,0.000000000014,0.024034710533,raked_from_pipeline_c_with_modern_mix,posterior_cell,true
1999,PopUp,out_in_play,PopUp,0.825932624095,0.691900034528,0.916822091812,raked_from_pipeline_c_with_modern_mix,posterior_cell,true
1999,PopUp,reached_on_error,Fly,0.208802049021,0.004959751091,0.638347570360,raked_from_pipeline_c_with_modern_mix,posterior_cell,true
1999,PopUp,reached_on_error,LineDrive,0.296038384442,0.008368447650,0.774464653835,raked_from_pipeline_c_with_modern_mix,posterior_cell,true
1999,PopUp,reached_on_error,PopUp,0.495159566538,0.118970285446,0.893123387554,raked_from_pipeline_c_with_modern_mix,posterior_cell,true
1999,PopUp,sacrifice,Fly,0.339720203193,0.010241960170,0.880485833662,raked_from_pipeline_c_with_modern_mix,prior_only_cell,true
1999,PopUp,sacrifice,LineDrive,0.452716450903,0.023902250321,0.926985039279,raked_from_pipeline_c_with_modern_mix,prior_only_cell,true
1999,PopUp,sacrifice,PopUp,0.207563345904,0.004423806556,0.727331605556,raked_from_pipeline_c_with_modern_mix,prior_only_cell,true
2000,Fly,fielders_choice,Fly,0.323899852995,0.009484233469,0.862989240499,raked_from_pipeline_c_with_modern_mix,prior_only_cell,true
2000,Fly,fielders_choice,LineDrive,0.439781480829,0.014292420991,0.924646723381,raked_from_pipeline_c_with_modern_mix,prior_only_cell,true
2000,Fly,fielders_choice,PopUp,0.236318666176,0.005455505211,0.786092577778,raked_from_pipeline_c_with_modern_mix,prior_only_cell,true
2000,Fly,hit,Fly,0.674299810346,0.510549476922,0.806825009321,raked_from_pipeline_c_with_modern_mix,posterior_cell,true
2000,Fly,hit,LineDrive,0.314486976242,0.177549120811,0.481545794246,raked_from_pipeline_c_with_modern_mix,posterior_cell,true
2000,Fly,hit,PopUp,0.011213213412,0.002242657980,0.029320812432,raked_from_pipeline_c_with_modern_mix,posterior_cell,true
2000,Fly,out_in_play,Fly,0.810392281373,0.692068617479,0.880219455045,raked_from_pipeline_c_with_modern_mix,posterior_cell,true
2000,Fly,out_in_play,LineDrive,0.086371447303,0.035238174700,0.169113357688,raked_from_pipeline_c_with_modern_mix,posterior_cell,true
2000,Fly,out_in_play,PopUp,0.103236271325,0.050719291957,0.182119618590,raked_from_pipeline_c_with_modern_mix,posterior_cell,true
2000,Fly,reached_on_error,Fly,0.323566114843,0.009559302761,0.836657818230,raked_from_pipeline_c_with_modern_mix,prior_only_cell,true
2000,Fly,reached_on_error,LineDrive,0.431513311117,0.018691952773,0.913172187851,raked_from_pipeline_c_with_modern_mix,prior_only_cell,true
2000,Fly,reached_on_error,PopUp,0.244920574040,0.005728637655,0.766080410095,raked_from_pipeline_c_with_modern_mix,prior_only_cell,true
2000,Fly,sacrifice,Fly,0.885011293837,0.750965379490,0.967436657514,raked_from_pipeline_c_with_modern_mix,posterior_cell,true
2000,Fly,sacrifice,LineDrive,0.080010842726,0.012615393890,0.204496022268,raked_from_pipeline_c_with_modern_mix,posterior_cell,true
2000,Fly,sacrifice,PopUp,0.034977863437,0.004790726017,0.096343224951,raked_from_pipeline_c_with_modern_mix,posterior_cell,true
2000,LineDrive,fielders_choice,Fly,0.329014043594,0.008708882684,0.854176251861,raked_from_pipeline_c_with_modern_mix,prior_only_cell,true
2000,LineDrive,fielders_choice,LineDrive,0.435185701983,0.018367136830,0.916767397729,raked_from_pipeline_c_with_modern_mix,prior_only_cell,true
2000,LineDrive,fielders_choice,PopUp,0.235800254423,0.005559956370,0.771117111637,raked_from_pipeline_c_with_modern_mix,prior_only_cell,true
2000,LineDrive,hit,Fly,0.015094756851,0.003848265254,0.035658428152,raked_from_pipeline_c_with_modern_mix,posterior_cell,true
2000,LineDrive,hit,LineDrive,0.984250360485,0.962891185357,0.995662223989,raked_from_pipeline_c_with_modern_mix,posterior_cell,true
2000,LineDrive,hit,PopUp,0.000654882664,0.000000000000,0.003303250205,raked_from_pipeline_c_with_modern_mix,posterior_cell,true
2000,LineDrive,out_in_play,Fly,0.073779650272,0.032906612269,0.136990607561,raked_from_pipeline_c_with_modern_mix,posterior_cell,true
2000,LineDrive,out_in_play,LineDrive,0.925244447055,0.861097067018,0.966775452506,raked_from_pipeline_c_with_modern_mix,posterior_cell,true
2000,LineDrive,out_in_play,PopUp,0.000975902673,0.000000000024,0.004542859906,raked_from_pipeline_c_with_modern_mix,posterior_cell,true
2000,LineDrive,reached_on_error,Fly,0.135839141429,0.003174276915,0.473895011639,raked_from_pipeline_c_with_modern_mix,posterior_cell,true
2000,LineDrive,reached_on_error,LineDrive,0.763475890602,0.371444643648,0.975583673538,raked_from_pipeline_c_with_modern_mix,posterior_cell,true
2000,LineDrive,reached_on_error,PopUp,0.100684967969,0.001573786592,0.380813894924,raked_from_pipeline_c_with_modern_mix,posterior_cell,true
2000,LineDrive,sacrifice,Fly,0.120078466107,0.024401657390,0.290388671884,raked_from_pipeline_c_with_modern_mix,posterior_cell,true
2000,LineDrive,sacrifice,LineDrive,0.858584259361,0.680213677898,0.965708065304,raked_from_pipeline_c_with_modern_mix,posterior_cell,true
2000,LineDrive,sacrifice,PopUp,0.021337274532,0.000167309299,0.092343223692,raked_from_pipeline_c_with_modern_mix,posterior_cell,true
2000,PopUp,fielders_choice,Fly,0.319479533336,0.010408786703,0.845454572963,raked_from_pipeline_c_with_modern_mix,prior_only_cell,true
2000,PopUp,fielders_choice,LineDrive,0.440762570099,0.019856415978,0.919751617462,raked_from_pipeline_c_with_modern_mix,prior_only_cell,true
2000,PopUp,fielders_choice,PopUp,0.239757896565,0.004802714843,0.753122663920,raked_from_pipeline_c_with_modern_mix,prior_only_cell,true
2000,PopUp,hit,Fly,0.480186973846,0.161043429920,0.812332526060,raked_from_pipeline_c_with_modern_mix,posterior_cell,true
2000,PopUp,hit,LineDrive,0.178804157818,0.003330814837,0.552879902909,raked_from_pipeline_c_with_modern_mix,posterior_cell,true
2000,PopUp,hit,PopUp,0.341008868336,0.078489790240,0.690359256518,raked_from_pipeline_c_with_modern_mix,posterior_cell,true
2000,PopUp,out_in_play,Fly,0.142232758077,0.065903935029,0.249106878068,raked_from_pipeline_c_with_modern_mix,posterior_cell,true
2000,PopUp,out_in_play,LineDrive,0.004900450185,0.000000000011,0.020317025419,raked_from_pipeline_c_with_modern_mix,posterior_cell,true
2000,PopUp,out_in_play,PopUp,0.852866791738,0.737861642646,0.929755183199,raked_from_pipeline_c_with_modern_mix,posterior_cell,true
2000,PopUp,reached_on_error,Fly,0.190647145320,0.004356008800,0.601636111303,raked_from_pipeline_c_with_modern_mix,posterior_cell,true
2000,PopUp,reached_on_error,LineDrive,0.272899774583,0.007039418174,0.745004998140,raked_from_pipeline_c_with_modern_mix,posterior_cell,true
2000,PopUp,reached_on_error,PopUp,0.536453080097,0.140666190521,0.913147129920,raked_from_pipeline_c_with_modern_mix,posterior_cell,true
2000,PopUp,sacrifice,Fly,0.327396964309,0.009540052169,0.868698822374,raked_from_pipeline_c_with_modern_mix,prior_only_cell,true
2000,PopUp,sacrifice,LineDrive,0.438295683210,0.022170010766,0.920438610490,raked_from_pipeline_c_with_modern_mix,prior_only_cell,true
2000,PopUp,sacrifice,PopUp,0.234307352481,0.005493597737,0.762155214951,raked_from_pipeline_c_with_modern_mix,prior_only_cell,true
2001,Fly,fielders_choice,Fly,0.318004149270,0.009161969710,0.860738725537,raked_from_pipeline_c_with_modern_mix,prior_only_cell,true
2001,Fly,fielders_choice,LineDrive,0.464043372079,0.015927331865,0.935116508915,raked_from_pipeline_c_with_modern_mix,prior_only_cell,true
2001,Fly,fielders_choice,PopUp,0.217952478651,0.004691792071,0.764337437155,raked_from_pipeline_c_with_modern_mix,prior_only_cell,true
2001,Fly,hit,Fly,0.652864615618,0.483173293130,0.792325898612,raked_from_pipeline_c_with_modern_mix,posterior_cell,true
2001,Fly,hit,LineDrive,0.337144837228,0.190851398082,0.508978860230,raked_from_pipeline_c_with_modern_mix,posterior_cell,true
2001,Fly,hit,PopUp,0.009990547154,0.001977763676,0.026100584602,raked_from_pipeline_c_with_modern_mix,posterior_cell,true
2001,Fly,out_in_play,Fly,0.809320097731,0.687047951914,0.880411046816,raked_from_pipeline_c_with_modern_mix,posterior_cell,true
2001,Fly,out_in_play,LineDrive,0.095410263739,0.039113506128,0.184701211764,raked_from_pipeline_c_with_modern_mix,posterior_cell,true
2001,Fly,out_in_play,PopUp,0.095269638531,0.046085939876,0.170106538130,raked_from_pipeline_c_with_modern_mix,posterior_cell,true
2001,Fly,reached_on_error,Fly,0.317928850878,0.008981448823,0.829740163883,raked_from_pipeline_c_with_modern_mix,prior_only_cell,true
2001,Fly,reached_on_error,LineDrive,0.456218967808,0.021360145320,0.922908063177,raked_from_pipeline_c_with_modern_mix,prior_only_cell,true
2001,Fly,reached_on_error,PopUp,0.225852181313,0.004994530882,0.742591718523,raked_from_pipeline_c_with_modern_mix,prior_only_cell,true
2001,Fly,sacrifice,Fly,0.880047627945,0.738481853595,0.965884691280,raked_from_pipeline_c_with_modern_mix,posterior_cell,true
2001,Fly,sacrifice,LineDrive,0.087841387422,0.014003028900,0.223871820433,raked_from_pipeline_c_with_modern_mix,posterior_cell,true
2001,Fly,sacrifice,PopUp,0.032110984633,0.004301606372,0.087967048866,raked_from_pipeline_c_with_modern_mix,posterior_cell,true
2001,LineDrive,fielders_choice,Fly,0.322920345788,0.008501954871,0.849720259205,raked_from_pipeline_c_with_modern_mix,prior_only_cell,true
2001,LineDrive,fielders_choice,LineDrive,0.459804676227,0.021246315424,0.926741303592,raked_from_pipeline_c_with_modern_mix,prior_only_cell,true
2001,LineDrive,fielders_choice,PopUp,0.217274977985,0.004607168936,0.741344171785,raked_from_pipeline_c_with_modern_mix,prior_only_cell,true
2001,LineDrive,hit,Fly,0.013661779095,0.003462869651,0.032045574268,raked_from_pipeline_c_with_modern_mix,posterior_cell,true
2001,LineDrive,hit,LineDrive,0.985800449277,0.966331111204,0.996081406913,raked_from_pipeline_c_with_modern_mix,posterior_cell,true
2001,LineDrive,hit,PopUp,0.000537771628,0.000000000000,0.002705704414,raked_from_pipeline_c_with_modern_mix,posterior_cell,true
2001,LineDrive,out_in_play,Fly,0.067100699686,0.029229728205,0.125738736411,raked_from_pipeline_c_with_modern_mix,posterior_cell,true
2001,LineDrive,out_in_play,LineDrive,0.932071841762,0.872771983794,0.970395072451,raked_from_pipeline_c_with_modern_mix,posterior_cell,true
2001,LineDrive,out_in_play,PopUp,0.000827458552,0.000000000020,0.003771076421,raked_from_pipeline_c_with_modern_mix,posterior_cell,true
2001,LineDrive,reached_on_error,Fly,0.127609638619,0.002820311134,0.451070320132,raked_from_pipeline_c_with_modern_mix,posterior_cell,true
2001,LineDrive,reached_on_error,LineDrive,0.784466984288,0.403478749174,0.978841162915,raked_from_pipeline_c_with_modern_mix,posterior_cell,true
2001,LineDrive,reached_on_error,PopUp,0.087923377093,0.001333879387,0.348979334998,raked_from_pipeline_c_with_modern_mix,posterior_cell,true
2001,LineDrive,sacrifice,Fly,0.110330214180,0.021948565780,0.270024716714,raked_from_pipeline_c_with_modern_mix,posterior_cell,true
2001,LineDrive,sacrifice,LineDrive,0.871573519400,0.705012320454,0.969733617029,raked_from_pipeline_c_with_modern_mix,posterior_cell,true
2001,LineDrive,sacrifice,PopUp,0.018096266420,0.000136875671,0.078396285244,raked_from_pipeline_c_with_modern_mix,posterior_cell,true
2001,PopUp,fielders_choice,Fly,0.313515985364,0.009690990757,0.843098882751,raked_from_pipeline_c_with_modern_mix,prior_only_cell,true
2001,PopUp,fielders_choice,LineDrive,0.465584841553,0.022729086698,0.930524222159,raked_from_pipeline_c_with_modern_mix,prior_only_cell,true
2001,PopUp,fielders_choice,PopUp,0.220899173084,0.004260664522,0.727053490313,raked_from_pipeline_c_with_modern_mix,prior_only_cell,true
2001,PopUp,hit,Fly,0.483726990960,0.160380441990,0.817818791499,raked_from_pipeline_c_with_modern_mix,posterior_cell,true
2001,PopUp,hit,LineDrive,0.196358774364,0.003790472830,0.586254787008,raked_from_pipeline_c_with_modern_mix,posterior_cell,true
2001,PopUp,hit,PopUp,0.319914234676,0.070942739945,0.671250459158,raked_from_pipeline_c_with_modern_mix,posterior_cell,true
2001,PopUp,out_in_play,Fly,0.151948663982,0.071273590287,0.267285360264,raked_from_pipeline_c_with_modern_mix,posterior_cell,true
2001,PopUp,out_in_play,LineDrive,0.005751755265,0.000000000014,0.023837650745,raked_from_pipeline_c_with_modern_mix,posterior_cell,true
2001,PopUp,out_in_play,PopUp,0.842299580753,0.720458501430,0.923882750192,raked_from_pipeline_c_with_modern_mix,posterior_cell,true
2001,PopUp,reached_on_error,Fly,0.193099025848,0.004370082697,0.608974982177,raked_from_pipeline_c_with_modern_mix,posterior_cell,true
2001,PopUp,reached_on_error,LineDrive,0.299132626990,0.008446358614,0.776790053534,raked_from_pipeline_c_with_modern_mix,posterior_cell,true
2001,PopUp,reached_on_error,PopUp,0.507768347162,0.123565360289,0.901326950555,raked_from_pipeline_c_with_modern_mix,posterior_cell,true
2001,PopUp,sacrifice,Fly,0.321217287880,0.009107658800,0.866848557403,raked_from_pipeline_c_with_modern_mix,prior_only_cell,true
2001,PopUp,sacrifice,LineDrive,0.463154559224,0.025142510609,0.931132684898,raked_from_pipeline_c_with_modern_mix,prior_only_cell,true
2001,PopUp,sacrifice,PopUp,0.215628152895,0.004650868459,0.737759219325,raked_from_pipeline_c_with_modern_mix,prior_only_cell,true
2002,Fly,fielders_choice,Fly,0.316263262299,0.008828655651,0.860637626343,raked_from_pipeline_c_with_modern_mix,prior_only_cell,true
2002,Fly,fielders_choice,LineDrive,0.474682020148,0.016697624785,0.938304326504,raked_from_pipeline_c_with_modern_mix,prior_only_cell,true
2002,Fly,fielders_choice,PopUp,0.209054717554,0.004373087397,0.752670596564,raked_from_pipeline_c_with_modern_mix,prior_only_cell,true
2002,Fly,hit,Fly,0.644196148763,0.472785691987,0.786175124130,raked_from_pipeline_c_with_modern_mix,posterior_cell,true
2002,Fly,hit,LineDrive,0.346412403365,0.196848250652,0.521183087854,raked_from_pipeline_c_with_modern_mix,posterior_cell,true
2002,Fly,hit,PopUp,0.009391447872,0.001844001760,0.024661889171,raked_from_pipeline_c_with_modern_mix,posterior_cell,true
2002,Fly,out_in_play,Fly,0.809628790669,0.689642199931,0.880094626060,raked_from_pipeline_c_with_modern_mix,posterior_cell,true
2002,Fly,out_in_play,LineDrive,0.099347173078,0.040893226690,0.191612885349,raked_from_pipeline_c_with_modern_mix,posterior_cell,true
2002,Fly,out_in_play,PopUp,0.091024036254,0.043738540374,0.164601512671,raked_from_pipeline_c_with_modern_mix,posterior_cell,true
2002,Fly,reached_on_error,Fly,0.316338137809,0.008994923540,0.828304608578,raked_from_pipeline_c_with_modern_mix,prior_only_cell,true
2002,Fly,reached_on_error,LineDrive,0.467095353633,0.022396210883,0.927844780364,raked_from_pipeline_c_with_modern_mix,prior_only_cell,true
2002,Fly,reached_on_error,PopUp,0.216566508558,0.004646871485,0.729302221538,raked_from_pipeline_c_with_modern_mix,prior_only_cell,true
2002,Fly,sacrifice,Fly,0.878234014708,0.734065501166,0.965866664475,raked_from_pipeline_c_with_modern_mix,posterior_cell,true
2002,Fly,sacrifice,LineDrive,0.091173065419,0.014524651649,0.231070195002,raked_from_pipeline_c_with_modern_mix,posterior_cell,true
2002,Fly,sacrifice,PopUp,0.030592919873,0.004101708342,0.084611123758,raked_from_pipeline_c_with_modern_mix,posterior_cell,true
2002,LineDrive,fielders_choice,Fly,0.321113629985,0.008616642727,0.850014120890,raked_from_pipeline_c_with_modern_mix,prior_only_cell,true
2002,LineDrive,fielders_choice,LineDrive,0.470598593814,0.022359935237,0.931809837387,raked_from_pipeline_c_with_modern_mix,prior_only_cell,true
2002,LineDrive,fielders_choice,PopUp,0.208287776201,0.004431032216,0.731960886388,raked_from_pipeline_c_with_modern_mix,prior_only_cell,true
2002,LineDrive,hit,Fly,0.013131392086,0.003319251417,0.030769659442,raked_from_pipeline_c_with_modern_mix,posterior_cell,true
2002,LineDrive,hit,LineDrive,0.986380634027,0.967615787907,0.996263269801,raked_from_pipeline_c_with_modern_mix,posterior_cell,true
2002,LineDrive,hit,PopUp,0.000487973887,0.000000000000,0.002461780799,raked_from_pipeline_c_with_modern_mix,posterior_cell,true
2002,LineDrive,out_in_play,Fly,0.064610548296,0.027962729990,0.121167805189,raked_from_pipeline_c_with_modern_mix,posterior_cell,true
2002,LineDrive,out_in_play,LineDrive,0.934625124612,0.877277331898,0.971668498551,raked_from_pipeline_c_with_modern_mix,posterior_cell,true
2002,LineDrive,out_in_play,PopUp,0.000764327092,0.000000000018,0.003463651975,raked_from_pipeline_c_with_modern_mix,posterior_cell,true
2002,LineDrive,reached_on_error,Fly,0.124529234055,0.002723347566,0.442348605280,raked_from_pipeline_c_with_modern_mix,posterior_cell,true
2002,LineDrive,reached_on_error,LineDrive,0.793257513052,0.416995454387,0.980185170084,raked_from_pipeline_c_with_modern_mix,posterior_cell,true
2002,LineDrive,reached_on_error,PopUp,0.082213252893,0.001228075239,0.329717493358,raked_from_pipeline_c_with_modern_mix,posterior_cell,true
2002,LineDrive,sacrifice,Fly,0.106672247297,0.020980763303,0.262663264749,raked_from_pipeline_c_with_modern_mix,posterior_cell,true
2002,LineDrive,sacrifice,LineDrive,0.876642621246,0.713959619834,0.971075818771,raked_from_pipeline_c_with_modern_mix,posterior_cell,true
2002,LineDrive,sacrifice,PopUp,0.016685131457,0.000123891350,0.072687969623,raked_from_pipeline_c_with_modern_mix,posterior_cell,true
2002,PopUp,fielders_choice,Fly,0.311757427879,0.009665817073,0.845233581622,raked_from_pipeline_c_with_modern_mix,prior_only_cell,true
2002,PopUp,fielders_choice,LineDrive,0.476496242916,0.023730598029,0.934154062551,raked_from_pipeline_c_with_modern_mix,prior_only_cell,true
2002,PopUp,fielders_choice,PopUp,0.211746329206,0.003823451738,0.714035610525,raked_from_pipeline_c_with_modern_mix,prior_only_cell,true
2002,PopUp,hit,Fly,0.486750637411,0.161061311438,0.818921976459,raked_from_pipeline_c_with_modern_mix,posterior_cell,true
2002,PopUp,hit,LineDrive,0.204349745608,0.004006164665,0.602553616148,raked_from_pipeline_c_with_modern_mix,posterior_cell,true
2002,PopUp,hit,PopUp,0.308899616981,0.066934514536,0.658633811710,raked_from_pipeline_c_with_modern_mix,posterior_cell,true
2002,PopUp,out_in_play,Fly,0.157830650408,0.073937048601,0.277900118512,raked_from_pipeline_c_with_modern_mix,posterior_cell,true
2002,PopUp,out_in_play,LineDrive,0.006187359485,0.000000000015,0.025970983995,raked_from_pipeline_c_with_modern_mix,posterior_cell,true
2002,PopUp,out_in_play,PopUp,0.835981990107,0.711026152365,0.920886334643,raked_from_pipeline_c_with_modern_mix,posterior_cell,true
2002,PopUp,reached_on_error,Fly,0.195095481836,0.004536566345,0.614974739992,raked_from_pipeline_c_with_modern_mix,posterior_cell,true
2002,PopUp,reached_on_error,LineDrive,0.311562864451,0.009118815990,0.791467178629,raked_from_pipeline_c_with_modern_mix,posterior_cell,true
2002,PopUp,reached_on_error,PopUp,0.493341653713,0.116573753177,0.894715395200,raked_from_pipeline_c_with_modern_mix,posterior_cell,true
2002,PopUp,sacrifice,Fly,0.319352092884,0.008868776916,0.867902590005,raked_from_pipeline_c_with_modern_mix,prior_only_cell,true
2002,PopUp,sacrifice,LineDrive,0.474065699409,0.026296211905,0.934691981872,raked_from_pipeline_c_with_modern_mix,prior_only_cell,true
2002,PopUp,sacrifice,PopUp,0.206582207708,0.004257771184,0.723712516798,raked_from_pipeline_c_with_modern_mix,prior_only_cell,true
2003,Fly,fielders_choice,Fly,0.323558964204,0.009261255454,0.867967768756,raked_from_pipeline_c_with_modern_mix,prior_only_cell,true
2003,Fly,fielders_choice,LineDrive,0.482396453841,0.017923202346,0.941029478175,raked_from_pipeline_c_with_modern_mix,prior_only_cell,true
2003,Fly,fielders_choice,PopUp,0.194044581955,0.003737134621,0.729909994370,raked_from_pipeline_c_with_modern_mix,prior_only_cell,true
2003,Fly,hit,Fly,0.646238777412,0.476192513670,0.788174446905,raked_from_pipeline_c_with_modern_mix,posterior_cell,true
2003,Fly,hit,LineDrive,0.345489701450,0.196184415921,0.520261795145,raked_from_pipeline_c_with_modern_mix,posterior_cell,true
2003,Fly,hit,PopUp,0.008271521138,0.001619122047,0.021702818817,raked_from_pipeline_c_with_modern_mix,posterior_cell,true
2003,Fly,out_in_play,Fly,0.818943746304,0.701035311626,0.887533663524,raked_from_pipeline_c_with_modern_mix,posterior_cell,true
2003,Fly,out_in_play,LineDrive,0.099908421641,0.041681917160,0.193002140088,raked_from_pipeline_c_with_modern_mix,posterior_cell,true
2003,Fly,out_in_play,PopUp,0.081147832055,0.038311455105,0.149261950315,raked_from_pipeline_c_with_modern_mix,posterior_cell,true
2003,Fly,reached_on_error,Fly,0.324080921966,0.009240876784,0.835331356430,raked_from_pipeline_c_with_modern_mix,prior_only_cell,true
2003,Fly,reached_on_error,LineDrive,0.475144709322,0.023483499186,0.932278737728,raked_from_pipeline_c_with_modern_mix,prior_only_cell,true
2003,Fly,reached_on_error,PopUp,0.200774368711,0.004178491046,0.701227812979,raked_from_pipeline_c_with_modern_mix,prior_only_cell,true
2003,Fly,sacrifice,Fly,0.881884285029,0.741750510918,0.968148232894,raked_from_pipeline_c_with_modern_mix,posterior_cell,true
2003,Fly,sacrifice,LineDrive,0.091048621105,0.014627243943,0.232088897988,raked_from_pipeline_c_with_modern_mix,posterior_cell,true
2003,Fly,sacrifice,PopUp,0.027067093866,0.003556646759,0.074664223204,raked_from_pipeline_c_with_modern_mix,posterior_cell,true
2003,LineDrive,fielders_choice,Fly,0.328569242751,0.008848152835,0.859307912206,raked_from_pipeline_c_with_modern_mix,prior_only_cell,true
2003,LineDrive,fielders_choice,LineDrive,0.478323060816,0.023833847343,0.936188675908,raked_from_pipeline_c_with_modern_mix,prior_only_cell,true
2003,LineDrive,fielders_choice,PopUp,0.193107696433,0.003896084393,0.702456554507,raked_from_pipeline_c_with_modern_mix,prior_only_cell,true
2003,LineDrive,hit,Fly,0.013204526016,0.003337085169,0.030965321629,raked_from_pipeline_c_with_modern_mix,posterior_cell,true
2003,LineDrive,hit,LineDrive,0.986370576283,0.967776691147,0.996254105886,raked_from_pipeline_c_with_modern_mix,posterior_cell,true
2003,LineDrive,hit,PopUp,0.000424897701,0.000000000000,0.002197514387,raked_from_pipeline_c_with_modern_mix,posterior_cell,true
2003,LineDrive,out_in_play,Fly,0.064970707968,0.028105702306,0.121238256829,raked_from_pipeline_c_with_modern_mix,posterior_cell,true
2003,LineDrive,out_in_play,LineDrive,0.934348048880,0.876742264288,0.971581040023,raked_from_pipeline_c_with_modern_mix,posterior_cell,true
2003,LineDrive,out_in_play,PopUp,0.000681243152,0.000000000016,0.003064247224,raked_from_pipeline_c_with_modern_mix,posterior_cell,true
2003,LineDrive,reached_on_error,Fly,0.126267099942,0.002789727009,0.448306201963,raked_from_pipeline_c_with_modern_mix,posterior_cell,true
2003,LineDrive,reached_on_error,LineDrive,0.799454020843,0.428825370651,0.980787019660,raked_from_pipeline_c_with_modern_mix,posterior_cell,true
2003,LineDrive,reached_on_error,PopUp,0.074278879214,0.001110256804,0.304571139272,raked_from_pipeline_c_with_modern_mix,posterior_cell,true
2003,LineDrive,sacrifice,Fly,0.107489279573,0.021094676366,0.264893593730,raked_from_pipeline_c_with_modern_mix,posterior_cell,true
2003,LineDrive,sacrifice,LineDrive,0.877750252338,0.713471698856,0.971370574532,raked_from_pipeline_c_with_modern_mix,posterior_cell,true
2003,LineDrive,sacrifice,PopUp,0.014760468089,0.000109666031,0.065538428756,raked_from_pipeline_c_with_modern_mix,posterior_cell,true
2003,PopUp,fielders_choice,Fly,0.319137017373,0.010075605481,0.851119578389,raked_from_pipeline_c_with_modern_mix,prior_only_cell,true
2003,PopUp,fielders_choice,LineDrive,0.484556807016,0.024654786700,0.936224704506,raked_from_pipeline_c_with_modern_mix,prior_only_cell,true
2003,PopUp,fielders_choice,PopUp,0.196306175611,0.003385457621,0.691314138098,raked_from_pipeline_c_with_modern_mix,prior_only_cell,true
2003,PopUp,hit,Fly,0.504173796771,0.170850575881,0.831532799696,raked_from_pipeline_c_with_modern_mix,posterior_cell,true
2003,PopUp,hit,LineDrive,0.210034283878,0.004135489699,0.614314726177,raked_from_pipeline_c_with_modern_mix,posterior_cell,true
2003,PopUp,hit,PopUp,0.285791919352,0.059235796510,0.630314642958,raked_from_pipeline_c_with_modern_mix,posterior_cell,true
2003,PopUp,out_in_play,Fly,0.174683562756,0.081395951216,0.303950252428,raked_from_pipeline_c_with_modern_mix,posterior_cell,true
2003,PopUp,out_in_play,LineDrive,0.006714059123,0.000000000017,0.028742222003,raked_from_pipeline_c_with_modern_mix,posterior_cell,true
2003,PopUp,out_in_play,PopUp,0.818602378121,0.680516474783,0.912800660840,raked_from_pipeline_c_with_modern_mix,posterior_cell,true
2003,PopUp,reached_on_error,Fly,0.205872048005,0.004878598137,0.634011565110,raked_from_pipeline_c_with_modern_mix,posterior_cell,true
2003,PopUp,reached_on_error,LineDrive,0.325656510496,0.010066071655,0.805168410969,raked_from_pipeline_c_with_modern_mix,posterior_cell,true
2003,PopUp,reached_on_error,PopUp,0.468471441499,0.104481454176,0.880881484707,raked_from_pipeline_c_with_modern_mix,posterior_cell,true
2003,PopUp,sacrifice,Fly,0.326552851645,0.009173372409,0.877762182088,raked_from_pipeline_c_with_modern_mix,prior_only_cell,true
2003,PopUp,sacrifice,LineDrive,0.481970252178,0.027431194622,0.937169026724,raked_from_pipeline_c_with_modern_mix,prior_only_cell,true
2003,PopUp,sacrifice,PopUp,0.191476896177,0.003796454315,0.698567872331,raked_from_pipeline_c_with_modern_mix,prior_only_cell,true
2004,Fly,fielders_choice,Fly,0.308348379496,0.008389753422,0.858129288196,raked_from_pipeline_c_with_modern_mix,prior_only_cell,true
2004,Fly,fielders_choice,LineDrive,0.509572973573,0.020843257913,0.948800760367,raked_from_pipeline_c_with_modern_mix,prior_only_cell,true
2004,Fly,fielders_choice,PopUp,0.182078646931,0.003253492096,0.709137541740,raked_from_pipeline_c_with_modern_mix,prior_only_cell,true
2004,Fly,hit,Fly,0.613282412039,0.440839191893,0.766102337413,raked_from_pipeline_c_with_modern_mix,posterior_cell,true
2004,Fly,hit,LineDrive,0.378989693310,0.220739859563,0.553108380974,raked_from_pipeline_c_with_modern_mix,posterior_cell,true
2004,Fly,hit,PopUp,0.007727894651,0.001476305774,0.020409774170,raked_from_pipeline_c_with_modern_mix,posterior_cell,true
2004,Fly,out_in_play,Fly,0.807490106300,0.688342742000,0.880861181276,raked_from_pipeline_c_with_modern_mix,posterior_cell,true
2004,Fly,out_in_play,LineDrive,0.113722855622,0.047479890161,0.218556001870,raked_from_pipeline_c_with_modern_mix,posterior_cell,true
2004,Fly,out_in_play,PopUp,0.078787038078,0.037168492510,0.145779677493,raked_from_pipeline_c_with_modern_mix,posterior_cell,true
2004,Fly,reached_on_error,Fly,0.308774401095,0.008188114497,0.827850550565,raked_from_pipeline_c_with_modern_mix,prior_only_cell,true
2004,Fly,reached_on_error,LineDrive,0.502829041349,0.027580834079,0.941821964422,raked_from_pipeline_c_with_modern_mix,prior_only_cell,true
2004,Fly,reached_on_error,PopUp,0.188396557556,0.003636589884,0.679350517661,raked_from_pipeline_c_with_modern_mix,prior_only_cell,true
2004,Fly,sacrifice,Fly,0.870328518061,0.715304895192,0.965275202519,raked_from_pipeline_c_with_modern_mix,posterior_cell,true
2004,Fly,sacrifice,LineDrive,0.103374856517,0.016345548766,0.255409043711,raked_from_pipeline_c_with_modern_mix,posterior_cell,true
2004,Fly,sacrifice,PopUp,0.026296625423,0.003451030610,0.072968893231,raked_from_pipeline_c_with_modern_mix,posterior_cell,true
2004,LineDrive,fielders_choice,Fly,0.312951703112,0.007718511477,0.844194373190,raked_from_pipeline_c_with_modern_mix,prior_only_cell,true
2004,LineDrive,fielders_choice,LineDrive,0.506007982947,0.027751753348,0.944922855803,raked_from_pipeline_c_with_modern_mix,prior_only_cell,true
2004,LineDrive,fielders_choice,PopUp,0.181040313941,0.003447882231,0.684807522898,raked_from_pipeline_c_with_modern_mix,prior_only_cell,true
2004,LineDrive,hit,Fly,0.011463117164,0.002883835625,0.027541659756,raked_from_pipeline_c_with_modern_mix,posterior_cell,true
2004,LineDrive,hit,LineDrive,0.988174515503,0.971861645076,0.996761989916,raked_from_pipeline_c_with_modern_mix,posterior_cell,true
2004,LineDrive,hit,PopUp,0.000362367332,0.000000000000,0.001877126524,raked_from_pipeline_c_with_modern_mix,posterior_cell,true
2004,LineDrive,out_in_play,Fly,0.056712635321,0.024223543794,0.107802342510,raked_from_pipeline_c_with_modern_mix,posterior_cell,true
2004,LineDrive,out_in_play,LineDrive,0.942693609065,0.890545308915,0.975515654420,raked_from_pipeline_c_with_modern_mix,posterior_cell,true
2004,LineDrive,out_in_play,PopUp,0.000593755614,0.000000000014,0.002633934058,raked_from_pipeline_c_with_modern_mix,posterior_cell,true
2004,LineDrive,reached_on_error,Fly,0.113916172586,0.002481443542,0.417117457758,raked_from_pipeline_c_with_modern_mix,posterior_cell,true
2004,LineDrive,reached_on_error,LineDrive,0.820316304039,0.468597830675,0.983573506331,raked_from_pipeline_c_with_modern_mix,posterior_cell,true
2004,LineDrive,reached_on_error,PopUp,0.065767523375,0.000943979158,0.275265506200,raked_from_pipeline_c_with_modern_mix,posterior_cell,true
2004,LineDrive,sacrifice,Fly,0.094800429117,0.018274364924,0.236786289247,raked_from_pipeline_c_with_modern_mix,posterior_cell,true
2004,LineDrive,sacrifice,LineDrive,0.892415714963,0.743695261787,0.975339354394,raked_from_pipeline_c_with_modern_mix,posterior_cell,true
2004,LineDrive,sacrifice,PopUp,0.012783855920,0.000090799075,0.056589227602,raked_from_pipeline_c_with_modern_mix,posterior_cell,true
2004,PopUp,fielders_choice,Fly,0.303782978292,0.008832246237,0.843655189182,raked_from_pipeline_c_with_modern_mix,prior_only_cell,true
2004,PopUp,fielders_choice,LineDrive,0.512265976975,0.028710712828,0.944321671174,raked_from_pipeline_c_with_modern_mix,prior_only_cell,true
2004,PopUp,fielders_choice,PopUp,0.183951044733,0.003086200437,0.673093222359,raked_from_pipeline_c_with_modern_mix,prior_only_cell,true
2004,PopUp,hit,Fly,0.492713113544,0.161768676357,0.826754491649,raked_from_pipeline_c_with_modern_mix,posterior_cell,true
2004,PopUp,hit,LineDrive,0.232000931233,0.004827514392,0.649634052170,raked_from_pipeline_c_with_modern_mix,posterior_cell,true
2004,PopUp,hit,PopUp,0.275285955223,0.054746236021,0.619456321732,raked_from_pipeline_c_with_modern_mix,posterior_cell,true
2004,PopUp,out_in_play,Fly,0.176629352316,0.082266498082,0.306773932552,raked_from_pipeline_c_with_modern_mix,posterior_cell,true
2004,PopUp,out_in_play,LineDrive,0.007835950193,0.000000000020,0.033732339275,raked_from_pipeline_c_with_modern_mix,posterior_cell,true
2004,PopUp,out_in_play,PopUp,0.815534697491,0.678355701735,0.911757155756,raked_from_pipeline_c_with_modern_mix,posterior_cell,true
2004,PopUp,reached_on_error,Fly,0.199536370582,0.004606866751,0.626564491754,raked_from_pipeline_c_with_modern_mix,posterior_cell,true
2004,PopUp,reached_on_error,LineDrive,0.353291806989,0.011938986947,0.829334124495,raked_from_pipeline_c_with_modern_mix,posterior_cell,true
2004,PopUp,reached_on_error,PopUp,0.447171822429,0.093193866331,0.871156095681,raked_from_pipeline_c_with_modern_mix,posterior_cell,true
2004,PopUp,sacrifice,Fly,0.310943226289,0.008029410302,0.870051610161,raked_from_pipeline_c_with_modern_mix,prior_only_cell,true
2004,PopUp,sacrifice,LineDrive,0.509822801023,0.031402327993,0.945638501158,raked_from_pipeline_c_with_modern_mix,prior_only_cell,true
2004,PopUp,sacrifice,PopUp,0.179233972688,0.003390333515,0.675966837926,raked_from_pipeline_c_with_modern_mix,prior_only_cell,true
2005,Fly,fielders_choice,Fly,0.313823232263,0.008646485842,0.862141445612,raked_from_pipeline_c_with_modern_mix,prior_only_cell,true
2005,Fly,fielders_choice,LineDrive,0.509287628283,0.021068537823,0.948740939625,raked_from_pipeline_c_with_modern_mix,prior_only_cell,true
2005,Fly,fielders_choice,PopUp,0.176889139454,0.003133413061,0.699221577912,raked_from_pipeline_c_with_modern_mix,prior_only_cell,true
2005,Fly,hit,Fly,0.619034548555,0.444081741972,0.770032913110,raked_from_pipeline_c_with_modern_mix,posterior_cell,true
2005,Fly,hit,LineDrive,0.373623856890,0.216809693387,0.550567162982,raked_from_pipeline_c_with_modern_mix,posterior_cell,true
2005,Fly,hit,PopUp,0.007341594555,0.001380305476,0.019268226112,raked_from_pipeline_c_with_modern_mix,posterior_cell,true
2005,Fly,out_in_play,Fly,0.813366470806,0.695312442314,0.885617090130,raked_from_pipeline_c_with_modern_mix,posterior_cell,true
2005,Fly,out_in_play,LineDrive,0.111889393084,0.046463730324,0.215721518016,raked_from_pipeline_c_with_modern_mix,posterior_cell,true
2005,Fly,out_in_play,PopUp,0.074744136110,0.034646545013,0.137655660453,raked_from_pipeline_c_with_modern_mix,posterior_cell,true
2005,Fly,reached_on_error,Fly,0.314446687260,0.008543226374,0.833869479535,raked_from_pipeline_c_with_modern_mix,prior_only_cell,true
2005,Fly,reached_on_error,LineDrive,0.502632559822,0.027308777526,0.942949648981,raked_from_pipeline_c_with_modern_mix,prior_only_cell,true
2005,Fly,reached_on_error,PopUp,0.182920752917,0.003449155427,0.668975233940,raked_from_pipeline_c_with_modern_mix,prior_only_cell,true
2005,Fly,sacrifice,Fly,0.873703354913,0.721965585439,0.966730313104,raked_from_pipeline_c_with_modern_mix,posterior_cell,true
2005,Fly,sacrifice,LineDrive,0.101428429543,0.016006144270,0.252067208751,raked_from_pipeline_c_with_modern_mix,posterior_cell,true
2005,Fly,sacrifice,PopUp,0.024868215544,0.003291480094,0.069524477030,raked_from_pipeline_c_with_modern_mix,posterior_cell,true
2005,LineDrive,fielders_choice,Fly,0.318553525396,0.007971740426,0.849291950108,raked_from_pipeline_c_with_modern_mix,prior_only_cell,true
2005,LineDrive,fielders_choice,LineDrive,0.505667975060,0.028078836038,0.945423255208,raked_from_pipeline_c_with_modern_mix,prior_only_cell,true
2005,LineDrive,fielders_choice,PopUp,0.175778499544,0.003185118204,0.671960728589,raked_from_pipeline_c_with_modern_mix,prior_only_cell,true
2005,LineDrive,hit,Fly,0.011728184634,0.002949004099,0.027971858057,raked_from_pipeline_c_with_modern_mix,posterior_cell,true
2005,LineDrive,hit,LineDrive,0.987923746804,0.971394428053,0.996688304087,raked_from_pipeline_c_with_modern_mix,posterior_cell,true
2005,LineDrive,hit,PopUp,0.000348068562,0.000000000000,0.001823677816,raked_from_pipeline_c_with_modern_mix,posterior_cell,true
2005,LineDrive,out_in_play,Fly,0.057986274248,0.024808604322,0.109536512914,raked_from_pipeline_c_with_modern_mix,posterior_cell,true
2005,LineDrive,out_in_play,LineDrive,0.941441039973,0.888658845164,0.974987313148,raked_from_pipeline_c_with_modern_mix,posterior_cell,true
2005,LineDrive,out_in_play,PopUp,0.000572685780,0.000000000013,0.002518776713,raked_from_pipeline_c_with_modern_mix,posterior_cell,true
2005,LineDrive,reached_on_error,Fly,0.116351044460,0.002545850927,0.424202524882,raked_from_pipeline_c_with_modern_mix,posterior_cell,true
2005,LineDrive,reached_on_error,LineDrive,0.820062580985,0.466838507096,0.983668602576,raked_from_pipeline_c_with_modern_mix,posterior_cell,true
2005,LineDrive,reached_on_error,PopUp,0.063586374555,0.000931624529,0.266107699214,raked_from_pipeline_c_with_modern_mix,posterior_cell,true
2005,LineDrive,sacrifice,Fly,0.096870105218,0.018607751162,0.241732380843,raked_from_pipeline_c_with_modern_mix,posterior_cell,true
2005,LineDrive,sacrifice,LineDrive,0.890836300577,0.738903229826,0.974773773580,raked_from_pipeline_c_with_modern_mix,posterior_cell,true
2005,LineDrive,sacrifice,PopUp,0.012293594204,0.000089481714,0.054452432207,raked_from_pipeline_c_with_modern_mix,posterior_cell,true
2005,PopUp,fielders_choice,Fly,0.309301147921,0.009120435291,0.848966763344,raked_from_pipeline_c_with_modern_mix,prior_only_cell,true
2005,PopUp,fielders_choice,LineDrive,0.512059650325,0.028552644136,0.944497331779,raked_from_pipeline_c_with_modern_mix,prior_only_cell,true
2005,PopUp,fielders_choice,PopUp,0.178639201754,0.002927018600,0.660292354204,raked_from_pipeline_c_with_modern_mix,prior_only_cell,true
2005,PopUp,hit,Fly,0.502471849727,0.166992945108,0.833459528298,raked_from_pipeline_c_with_modern_mix,posterior_cell,true
2005,PopUp,hit,LineDrive,0.231593426521,0.004810980956,0.647864038074,raked_from_pipeline_c_with_modern_mix,posterior_cell,true
2005,PopUp,hit,PopUp,0.265934723752,0.052425509507,0.607377282375,raked_from_pipeline_c_with_modern_mix,posterior_cell,true
2005,PopUp,out_in_play,Fly,0.185255522617,0.086952331958,0.319220009612,raked_from_pipeline_c_with_modern_mix,posterior_cell,true
2005,PopUp,out_in_play,LineDrive,0.007988143846,0.000000000021,0.034386927087,raked_from_pipeline_c_with_modern_mix,posterior_cell,true
2005,PopUp,out_in_play,PopUp,0.806756333537,0.663211953083,0.906629694290,raked_from_pipeline_c_with_modern_mix,posterior_cell,true
2005,PopUp,reached_on_error,Fly,0.205559159663,0.004805722437,0.638389333505,raked_from_pipeline_c_with_modern_mix,posterior_cell,true
2005,PopUp,reached_on_error,LineDrive,0.356345913854,0.012094586910,0.832271908200,raked_from_pipeline_c_with_modern_mix,posterior_cell,true
2005,PopUp,reached_on_error,PopUp,0.438094926484,0.088622355931,0.865806768450,raked_from_pipeline_c_with_modern_mix,posterior_cell,true
2005,PopUp,sacrifice,Fly,0.316395898390,0.008265073456,0.876026353827,raked_from_pipeline_c_with_modern_mix,prior_only_cell,true
2005,PopUp,sacrifice,LineDrive,0.509520342691,0.031931458965,0.946130219417,raked_from_pipeline_c_with_modern_mix,prior_only_cell,true
2005,PopUp,sacrifice,PopUp,0.174083758919,0.003242231141,0.667181806206,raked_from_pipeline_c_with_modern_mix,prior_only_cell,true
2006,Fly,fielders_choice,Fly,0.305573863665,0.008250479950,0.855182565409,raked_from_pipeline_c_with_modern_mix,prior_only_cell,true
2006,Fly,fielders_choice,LineDrive,0.495358194711,0.018594863150,0.944453979980,raked_from_pipeline_c_with_modern_mix,prior_only_cell,true
2006,Fly,fielders_choice,PopUp,0.199067941624,0.003789290252,0.737854399357,raked_from_pipeline_c_with_modern_mix,prior_only_cell,true
2006,Fly,hit,Fly,0.619808336325,0.446202848488,0.770393614603,raked_from_pipeline_c_with_modern_mix,posterior_cell,true
2006,Fly,hit,LineDrive,0.371307210172,0.215512461841,0.546885342427,raked_from_pipeline_c_with_modern_mix,posterior_cell,true
2006,Fly,hit,PopUp,0.008884453503,0.001728993962,0.023310324707,raked_from_pipeline_c_with_modern_mix,posterior_cell,true
2006,Fly,out_in_play,Fly,0.801799847354,0.676638001849,0.874768626187,raked_from_pipeline_c_with_modern_mix,posterior_cell,true
2006,Fly,out_in_play,LineDrive,0.109503896396,0.045617169765,0.210190107841,raked_from_pipeline_c_with_modern_mix,posterior_cell,true
2006,Fly,out_in_play,PopUp,0.088696256250,0.042575577424,0.160931220976,raked_from_pipeline_c_with_modern_mix,posterior_cell,true
2006,Fly,reached_on_error,Fly,0.305632242790,0.008143642236,0.821022212091,raked_from_pipeline_c_with_modern_mix,prior_only_cell,true
2006,Fly,reached_on_error,LineDrive,0.488139316871,0.024804374484,0.935498915323,raked_from_pipeline_c_with_modern_mix,prior_only_cell,true
2006,Fly,reached_on_error,PopUp,0.206228440338,0.004180522310,0.707871249274,raked_from_pipeline_c_with_modern_mix,prior_only_cell,true
2006,Fly,sacrifice,Fly,0.869928840996,0.718218934703,0.964537611891,raked_from_pipeline_c_with_modern_mix,posterior_cell,true
2006,Fly,sacrifice,LineDrive,0.100264835551,0.015769981887,0.249972938763,raked_from_pipeline_c_with_modern_mix,posterior_cell,true
2006,Fly,sacrifice,PopUp,0.029806323454,0.003959404056,0.081531460911,raked_from_pipeline_c_with_modern_mix,posterior_cell,true
2006,LineDrive,fielders_choice,Fly,0.310141644018,0.007914857825,0.844439132386,raked_from_pipeline_c_with_modern_mix,prior_only_cell,true
2006,LineDrive,fielders_choice,LineDrive,0.491641395961,0.025242591846,0.939512184872,raked_from_pipeline_c_with_modern_mix,prior_only_cell,true
2006,LineDrive,fielders_choice,PopUp,0.198216960022,0.004039049113,0.718466280146,raked_from_pipeline_c_with_modern_mix,prior_only_cell,true
2006,LineDrive,hit,Fly,0.011818281193,0.002982885025,0.028247962237,raked_from_pipeline_c_with_modern_mix,posterior_cell,true
2006,LineDrive,hit,LineDrive,0.987751138871,0.970658851402,0.996628851188,raked_from_pipeline_c_with_modern_mix,posterior_cell,true
2006,LineDrive,hit,PopUp,0.000430579935,0.000000000000,0.002205403341,raked_from_pipeline_c_with_modern_mix,posterior_cell,true
2006,LineDrive,out_in_play,Fly,0.058390030066,0.024968756630,0.109906856577,raked_from_pipeline_c_with_modern_mix,posterior_cell,true
2006,LineDrive,out_in_play,LineDrive,0.940923635668,0.887373868605,0.974750949559,raked_from_pipeline_c_with_modern_mix,posterior_cell,true
2006,LineDrive,out_in_play,PopUp,0.000686334267,0.000000000016,0.003072929044,raked_from_pipeline_c_with_modern_mix,posterior_cell,true
2006,LineDrive,reached_on_error,Fly,0.115473540026,0.002474594359,0.420396634133,raked_from_pipeline_c_with_modern_mix,posterior_cell,true
2006,LineDrive,reached_on_error,LineDrive,0.809604002944,0.442283933361,0.982040533050,raked_from_pipeline_c_with_modern_mix,posterior_cell,true
2006,LineDrive,reached_on_error,PopUp,0.074922457029,0.001077736605,0.307250710570,raked_from_pipeline_c_with_modern_mix,posterior_cell,true
2006,LineDrive,sacrifice,Fly,0.097180618656,0.018719719277,0.241186535058,raked_from_pipeline_c_with_modern_mix,posterior_cell,true
2006,LineDrive,sacrifice,LineDrive,0.887884717187,0.736177860779,0.973911003906,raked_from_pipeline_c_with_modern_mix,posterior_cell,true
2006,LineDrive,sacrifice,PopUp,0.014934664157,0.000110922555,0.065756799443,raked_from_pipeline_c_with_modern_mix,posterior_cell,true
2006,PopUp,fielders_choice,Fly,0.300981155640,0.009020288976,0.837038633334,raked_from_pipeline_c_with_modern_mix,prior_only_cell,true
2006,PopUp,fielders_choice,LineDrive,0.497578415724,0.026492842569,0.939925857873,raked_from_pipeline_c_with_modern_mix,prior_only_cell,true
2006,PopUp,fielders_choice,PopUp,0.201440428636,0.003450733654,0.700773144485,raked_from_pipeline_c_with_modern_mix,prior_only_cell,true
2006,PopUp,hit,Fly,0.479512225235,0.155409147874,0.815000291758,raked_from_pipeline_c_with_modern_mix,posterior_cell,true
2006,PopUp,hit,LineDrive,0.220624017033,0.004509667957,0.629390365707,raked_from_pipeline_c_with_modern_mix,posterior_cell,true
2006,PopUp,hit,PopUp,0.299863757732,0.062718827708,0.648585586712,raked_from_pipeline_c_with_modern_mix,posterior_cell,true
2006,PopUp,out_in_play,Fly,0.159801682113,0.074992035360,0.279625450292,raked_from_pipeline_c_with_modern_mix,posterior_cell,true
2006,PopUp,out_in_play,LineDrive,0.006964916950,0.000000000017,0.029478519660,raked_from_pipeline_c_with_modern_mix,posterior_cell,true
2006,PopUp,out_in_play,PopUp,0.833233400937,0.704858164945,0.919495162915,raked_from_pipeline_c_with_modern_mix,posterior_cell,true
2006,PopUp,reached_on_error,Fly,0.191234206721,0.004296157428,0.609271490470,raked_from_pipeline_c_with_modern_mix,posterior_cell,true
2006,PopUp,reached_on_error,LineDrive,0.332360899939,0.010331520129,0.810119296943,raked_from_pipeline_c_with_modern_mix,posterior_cell,true
2006,PopUp,reached_on_error,PopUp,0.476404893339,0.106041561180,0.886459267360,raked_from_pipeline_c_with_modern_mix,posterior_cell,true
2006,PopUp,sacrifice,Fly,0.308386517190,0.008043687006,0.863041277130,raked_from_pipeline_c_with_modern_mix,prior_only_cell,true
2006,PopUp,sacrifice,LineDrive,0.495256508303,0.029233904966,0.941897953790,raked_from_pipeline_c_with_modern_mix,prior_only_cell,true
2006,PopUp,sacrifice,PopUp,0.196356974507,0.003902233472,0.707408471769,raked_from_pipeline_c_with_modern_mix,prior_only_cell,true
2007,Fly,fielders_choice,Fly,0.307196323287,0.008288693532,0.856011931648,raked_from_pipeline_c_with_modern_mix,prior_only_cell,true
2007,Fly,fielders_choice,LineDrive,0.491704099076,0.018259940968,0.943338255140,raked_from_pipeline_c_with_modern_mix,prior_only_cell,true
2007,Fly,fielders_choice,PopUp,0.201099577638,0.004009764993,0.741644803202,raked_from_pipeline_c_with_modern_mix,prior_only_cell,true
2007,Fly,hit,Fly,0.623893623321,0.449986334906,0.772958325692,raked_from_pipeline_c_with_modern_mix,posterior_cell,true
2007,Fly,hit,LineDrive,0.367108619110,0.212512967513,0.544103426981,raked_from_pipeline_c_with_modern_mix,posterior_cell,true
2007,Fly,hit,PopUp,0.008997757569,0.001755226173,0.023617393734,raked_from_pipeline_c_with_modern_mix,posterior_cell,true
2007,Fly,out_in_play,Fly,0.802932064788,0.678765280396,0.875346326046,raked_from_pipeline_c_with_modern_mix,posterior_cell,true
2007,Fly,out_in_play,LineDrive,0.107726490940,0.044725271327,0.206912632457,raked_from_pipeline_c_with_modern_mix,posterior_cell,true
2007,Fly,out_in_play,PopUp,0.089341444272,0.043023070885,0.161909436063,raked_from_pipeline_c_with_modern_mix,posterior_cell,true
2007,Fly,reached_on_error,Fly,0.307247960990,0.008288064701,0.821731514961,raked_from_pipeline_c_with_modern_mix,prior_only_cell,true
2007,Fly,reached_on_error,LineDrive,0.484411444866,0.024574735519,0.934264598049,raked_from_pipeline_c_with_modern_mix,prior_only_cell,true
2007,Fly,reached_on_error,PopUp,0.208340594144,0.004266985914,0.712172840406,raked_from_pipeline_c_with_modern_mix,prior_only_cell,true
2007,Fly,sacrifice,Fly,0.871277678442,0.721406395061,0.965022931585,raked_from_pipeline_c_with_modern_mix,posterior_cell,true
2007,Fly,sacrifice,LineDrive,0.098692949726,0.015490371146,0.247018176060,raked_from_pipeline_c_with_modern_mix,posterior_cell,true
2007,Fly,sacrifice,PopUp,0.030029371832,0.003993037797,0.082941499745,raked_from_pipeline_c_with_modern_mix,posterior_cell,true
2007,LineDrive,fielders_choice,Fly,0.311808403519,0.008047794249,0.845821018785,raked_from_pipeline_c_with_modern_mix,prior_only_cell,true
2007,LineDrive,fielders_choice,LineDrive,0.487923252165,0.024656381311,0.938211743914,raked_from_pipeline_c_with_modern_mix,prior_only_cell,true
2007,LineDrive,fielders_choice,PopUp,0.200268344316,0.004122826933,0.721454521122,raked_from_pipeline_c_with_modern_mix,prior_only_cell,true
2007,LineDrive,hit,Fly,0.012026788148,0.003036222381,0.028665400897,raked_from_pipeline_c_with_modern_mix,posterior_cell,true
2007,LineDrive,hit,LineDrive,0.987531878030,0.970132063359,0.996572367234,raked_from_pipeline_c_with_modern_mix,posterior_cell,true
2007,LineDrive,hit,PopUp,0.000441333822,0.000000000000,0.002256853501,raked_from_pipeline_c_with_modern_mix,posterior_cell,true
2007,LineDrive,out_in_play,Fly,0.059381802476,0.025466827631,0.111147306287,raked_from_pipeline_c_with_modern_mix,posterior_cell,true
2007,LineDrive,out_in_play,LineDrive,0.939917375915,0.885866330902,0.974298925610,raked_from_pipeline_c_with_modern_mix,posterior_cell,true
2007,LineDrive,out_in_play,PopUp,0.000700821608,0.000000000017,0.003142098565,raked_from_pipeline_c_with_modern_mix,posterior_cell,true
2007,LineDrive,reached_on_error,Fly,0.116919210266,0.002516408605,0.423236801956,raked_from_pipeline_c_with_modern_mix,posterior_cell,true
2007,LineDrive,reached_on_error,LineDrive,0.806779561873,0.437543028026,0.981705475360,raked_from_pipeline_c_with_modern_mix,posterior_cell,true
2007,LineDrive,reached_on_error,PopUp,0.076301227860,0.001103373185,0.311133554227,raked_from_pipeline_c_with_modern_mix,posterior_cell,true
2007,LineDrive,sacrifice,Fly,0.098698701665,0.019072641083,0.244755924770,raked_from_pipeline_c_with_modern_mix,posterior_cell,true
2007,LineDrive,sacrifice,LineDrive,0.886038481401,0.732703825763,0.973422269095,raked_from_pipeline_c_with_modern_mix,posterior_cell,true
2007,LineDrive,sacrifice,PopUp,0.015262816933,0.000113171937,0.066940364366,raked_from_pipeline_c_with_modern_mix,posterior_cell,true
2007,PopUp,fielders_choice,Fly,0.302615949596,0.009148039784,0.838578180056,raked_from_pipeline_c_with_modern_mix,prior_only_cell,true
2007,PopUp,fielders_choice,LineDrive,0.493846985604,0.025965287322,0.938962958457,raked_from_pipeline_c_with_modern_mix,prior_only_cell,true
2007,PopUp,fielders_choice,PopUp,0.203537064800,0.003515421439,0.704174226599,raked_from_pipeline_c_with_modern_mix,prior_only_cell,true
2007,PopUp,hit,Fly,0.480338921529,0.155677112130,0.815938008752,raked_from_pipeline_c_with_modern_mix,posterior_cell,true
2007,PopUp,hit,LineDrive,0.217696249248,0.004419617697,0.625035225644,raked_from_pipeline_c_with_modern_mix,posterior_cell,true
2007,PopUp,hit,PopUp,0.301964829223,0.063544351603,0.650500859047,raked_from_pipeline_c_with_modern_mix,posterior_cell,true
2007,PopUp,out_in_play,Fly,0.159066283453,0.074674748955,0.278834241252,raked_from_pipeline_c_with_modern_mix,posterior_cell,true
2007,PopUp,out_in_play,LineDrive,0.006815161256,0.000000000017,0.028755848302,raked_from_pipeline_c_with_modern_mix,posterior_cell,true
2007,PopUp,out_in_play,PopUp,0.834118555291,0.707041497144,0.919946893833,raked_from_pipeline_c_with_modern_mix,posterior_cell,true
2007,PopUp,reached_on_error,Fly,0.191641227133,0.004379110878,0.609176317025,raked_from_pipeline_c_with_modern_mix,posterior_cell,true
2007,PopUp,reached_on_error,LineDrive,0.328483299758,0.010119774403,0.806893465437,raked_from_pipeline_c_with_modern_mix,posterior_cell,true
2007,PopUp,reached_on_error,PopUp,0.479875473109,0.107953851782,0.888699707836,raked_from_pipeline_c_with_modern_mix,posterior_cell,true
2007,PopUp,sacrifice,Fly,0.310057907860,0.008090447248,0.863763106370,raked_from_pipeline_c_with_modern_mix,prior_only_cell,true
2007,PopUp,sacrifice,LineDrive,0.491510007613,0.028749671319,0.940675333190,raked_from_pipeline_c_with_modern_mix,prior_only_cell,true
2007,PopUp,sacrifice,PopUp,0.198432084527,0.003987748820,0.710112896463,raked_from_pipeline_c_with_modern_mix,prior_only_cell,true
2008,Fly,fielders_choice,Fly,0.311289521785,0.008449471700,0.858021622210,raked_from_pipeline_c_with_modern_mix,prior_only_cell,true
2008,Fly,fielders_choice,LineDrive,0.483482216369,0.017473263696,0.941075818133,raked_from_pipeline_c_with_modern_mix,prior_only_cell,true
2008,Fly,fielders_choice,PopUp,0.205228261846,0.004190777746,0.747686869299,raked_from_pipeline_c_with_modern_mix,prior_only_cell,true
2008,Fly,hit,Fly,0.633472709927,0.459049825523,0.778652415428,raked_from_pipeline_c_with_modern_mix,posterior_cell,true
2008,Fly,hit,LineDrive,0.357313380143,0.205177780006,0.535698041607,raked_from_pipeline_c_with_modern_mix,posterior_cell,true
2008,Fly,hit,PopUp,0.009213909930,0.001805042765,0.024250276569,raked_from_pipeline_c_with_modern_mix,posterior_cell,true
2008,Fly,out_in_play,Fly,0.805907379178,0.683469498806,0.877401950456,raked_from_pipeline_c_with_modern_mix,posterior_cell,true
2008,Fly,out_in_play,LineDrive,0.103688144867,0.042923750841,0.199213363757,raked_from_pipeline_c_with_modern_mix,posterior_cell,true
2008,Fly,out_in_play,PopUp,0.090404475954,0.043685551201,0.163571474621,raked_from_pipeline_c_with_modern_mix,posterior_cell,true
2008,Fly,reached_on_error,Fly,0.311342073046,0.008572365480,0.824790275175,raked_from_pipeline_c_with_modern_mix,prior_only_cell,true
2008,Fly,reached_on_error,LineDrive,0.476037918448,0.023500648628,0.931178793830,raked_from_pipeline_c_with_modern_mix,prior_only_cell,true
2008,Fly,reached_on_error,PopUp,0.212620008506,0.004464524469,0.720965553857,raked_from_pipeline_c_with_modern_mix,prior_only_cell,true
2008,Fly,sacrifice,Fly,0.874519838268,0.728335966996,0.965404561885,raked_from_pipeline_c_with_modern_mix,posterior_cell,true
2008,Fly,sacrifice,LineDrive,0.095088497398,0.014937181680,0.240271720390,raked_from_pipeline_c_with_modern_mix,posterior_cell,true
2008,Fly,sacrifice,PopUp,0.030391664334,0.004034634000,0.084079057794,raked_from_pipeline_c_with_modern_mix,posterior_cell,true
2008,LineDrive,fielders_choice,Fly,0.316010786846,0.008340306415,0.846832338681,raked_from_pipeline_c_with_modern_mix,prior_only_cell,true
2008,LineDrive,fielders_choice,LineDrive,0.479555701175,0.023407524351,0.935094151851,raked_from_pipeline_c_with_modern_mix,prior_only_cell,true
2008,LineDrive,fielders_choice,PopUp,0.204433511979,0.004302782916,0.725601477959,raked_from_pipeline_c_with_modern_mix,prior_only_cell,true
2008,LineDrive,hit,Fly,0.012533086844,0.003172599507,0.029664073953,raked_from_pipeline_c_with_modern_mix,posterior_cell,true
2008,LineDrive,hit,LineDrive,0.987002378680,0.968913968835,0.996424239050,raked_from_pipeline_c_with_modern_mix,posterior_cell,true
2008,LineDrive,hit,PopUp,0.000464534476,0.000000000000,0.002367422146,raked_from_pipeline_c_with_modern_mix,posterior_cell,true
2008,LineDrive,out_in_play,Fly,0.061783845352,0.026630148042,0.115944158831,raked_from_pipeline_c_with_modern_mix,posterior_cell,true
2008,LineDrive,out_in_play,LineDrive,0.937483906576,0.882061021084,0.973160720030,raked_from_pipeline_c_with_modern_mix,posterior_cell,true
2008,LineDrive,out_in_play,PopUp,0.000732248072,0.000000000017,0.003295734238,raked_from_pipeline_c_with_modern_mix,posterior_cell,true
2008,LineDrive,reached_on_error,Fly,0.120422274811,0.002617968739,0.431677202475,raked_from_pipeline_c_with_modern_mix,posterior_cell,true
2008,LineDrive,reached_on_error,LineDrive,0.800324151543,0.428620767012,0.980991313704,raked_from_pipeline_c_with_modern_mix,posterior_cell,true
2008,LineDrive,reached_on_error,PopUp,0.079253573646,0.001164365520,0.320501794985,raked_from_pipeline_c_with_modern_mix,posterior_cell,true
2008,LineDrive,sacrifice,Fly,0.102369080813,0.020033442292,0.253831939098,raked_from_pipeline_c_with_modern_mix,posterior_cell,true
2008,LineDrive,sacrifice,LineDrive,0.881661116625,0.723838027367,0.972460588857,raked_from_pipeline_c_with_modern_mix,posterior_cell,true
2008,LineDrive,sacrifice,PopUp,0.015969802562,0.000118467079,0.069886393482,raked_from_pipeline_c_with_modern_mix,posterior_cell,true
2008,PopUp,fielders_choice,Fly,0.306741811368,0.009406528761,0.841454536985,raked_from_pipeline_c_with_modern_mix,prior_only_cell,true
2008,PopUp,fielders_choice,LineDrive,0.485460535555,0.024887702812,0.936770952358,raked_from_pipeline_c_with_modern_mix,prior_only_cell,true
2008,PopUp,fielders_choice,PopUp,0.207797653077,0.003714883915,0.709161622864,raked_from_pipeline_c_with_modern_mix,prior_only_cell,true
2008,PopUp,hit,Fly,0.482956905601,0.157753465588,0.818155992177,raked_from_pipeline_c_with_modern_mix,posterior_cell,true
2008,PopUp,hit,LineDrive,0.211189311309,0.004220101273,0.614306690207,raked_from_pipeline_c_with_modern_mix,posterior_cell,true
2008,PopUp,hit,PopUp,0.305853783090,0.065661674221,0.654311665366,raked_from_pipeline_c_with_modern_mix,posterior_cell,true
2008,PopUp,out_in_play,Fly,0.158063204374,0.074017425812,0.277904105792,raked_from_pipeline_c_with_modern_mix,posterior_cell,true
2008,PopUp,out_in_play,LineDrive,0.006498987235,0.000000000016,0.027354602283,raked_from_pipeline_c_with_modern_mix,posterior_cell,true
2008,PopUp,out_in_play,PopUp,0.835437808392,0.709959169624,0.920680734764,raked_from_pipeline_c_with_modern_mix,posterior_cell,true
2008,PopUp,reached_on_error,Fly,0.193016053153,0.004474664588,0.612522552296,raked_from_pipeline_c_with_modern_mix,posterior_cell,true
2008,PopUp,reached_on_error,LineDrive,0.320095920253,0.009626548840,0.800030916175,raked_from_pipeline_c_with_modern_mix,posterior_cell,true
2008,PopUp,reached_on_error,PopUp,0.486888026595,0.112656849599,0.891177384882,raked_from_pipeline_c_with_modern_mix,posterior_cell,true
2008,PopUp,sacrifice,Fly,0.314260889481,0.008363666679,0.865883239614,raked_from_pipeline_c_with_modern_mix,prior_only_cell,true
2008,PopUp,sacrifice,LineDrive,0.483082297789,0.027560373498,0.937846023505,raked_from_pipeline_c_with_modern_mix,prior_only_cell,true
2008,PopUp,sacrifice,PopUp,0.202656812730,0.004109221543,0.717299885053,raked_from_pipeline_c_with_modern_mix,prior_only_cell,true
2009,Fly,fielders_choice,Fly,0.500774961142,0.094371943792,0.904975214587,pipeline_new_season_predictive,posterior_cell,false
2009,Fly,fielders_choice,LineDrive,0.251640178177,0.007563843966,0.714613103302,pipeline_new_season_predictive,posterior_cell,false
2009,Fly,fielders_choice,PopUp,0.247584860682,0.007419247484,0.702412047460,pipeline_new_season_predictive,posterior_cell,false
2009,Fly,hit,Fly,0.586537275666,0.555222215255,0.616950949308,pipeline_new_season_predictive,posterior_cell,false
2009,Fly,hit,LineDrive,0.400806095749,0.369539958800,0.431912531797,pipeline_new_season_predictive,posterior_cell,false
2009,Fly,hit,PopUp,0.012656628585,0.006634599790,0.021128275039,pipeline_new_season_predictive,posterior_cell,false
2009,Fly,out_in_play,Fly,0.597391992298,0.564793329064,0.628945902265,pipeline_new_season_predictive,posterior_cell,false
2009,Fly,out_in_play,LineDrive,0.103283770665,0.084085853346,0.123977632863,pipeline_new_season_predictive,posterior_cell,false
2009,Fly,out_in_play,PopUp,0.299324237038,0.271070047487,0.329039891568,pipeline_new_season_predictive,posterior_cell,false
2009,Fly,reached_on_error,Fly,0.539635330006,0.467107784748,0.611330378425,pipeline_new_season_predictive,posterior_cell,false
2009,Fly,reached_on_error,LineDrive,0.119912534891,0.075874628604,0.171678324050,pipeline_new_season_predictive,posterior_cell,false
2009,Fly,reached_on_error,PopUp,0.340452135103,0.273985453301,0.412863694136,pipeline_new_season_predictive,posterior_cell,false
2009,Fly,sacrifice,Fly,0.807473297192,0.776737961356,0.836726141642,pipeline_new_season_predictive,posterior_cell,false
2009,Fly,sacrifice,LineDrive,0.165422520742,0.137906418227,0.194211083604,pipeline_new_season_predictive,posterior_cell,false
2009,Fly,sacrifice,PopUp,0.027104182066,0.015746272817,0.041077898087,pipeline_new_season_predictive,posterior_cell,false
2009,LineDrive,fielders_choice,Fly,0.338322981399,0.012566106235,0.853690921868,pipeline_new_season_predictive,prior_only_cell,false
2009,LineDrive,fielders_choice,LineDrive,0.330901557241,0.010045140076,0.851193756848,pipeline_new_season_predictive,prior_only_cell,false
2009,LineDrive,fielders_choice,PopUp,0.330775461360,0.012220057519,0.836529319121,pipeline_new_season_predictive,prior_only_cell,false
2009,LineDrive,hit,Fly,0.032281659864,0.021536227147,0.044552575078,pipeline_new_season_predictive,posterior_cell,false
2009,LineDrive,hit,LineDrive,0.967492026556,0.955274366663,0.978167336939,pipeline_new_season_predictive,posterior_cell,false
2009,LineDrive,hit,PopUp,0.000226313580,0.000000000000,0.001656509846,pipeline_new_season_predictive,posterior_cell,false
2009,LineDrive,out_in_play,Fly,0.062092696263,0.046653865275,0.078800260917,pipeline_new_season_predictive,posterior_cell,false
2009,LineDrive,out_in_play,LineDrive,0.935883922547,0.919075500405,0.951472880636,pipeline_new_season_predictive,posterior_cell,false
2009,LineDrive,out_in_play,PopUp,0.002023381190,0.000157586643,0.005745376173,pipeline_new_season_predictive,posterior_cell,false
2009,LineDrive,reached_on_error,Fly,0.059410250116,0.014845148428,0.128596047856,pipeline_new_season_predictive,posterior_cell,false
2009,LineDrive,reached_on_error,LineDrive,0.925611331732,0.850720236215,0.976639365635,pipeline_new_season_predictive,posterior_cell,false
2009,LineDrive,reached_on_error,PopUp,0.014978418153,0.000069846861,0.056050023987,pipeline_new_season_predictive,posterior_cell,false
2009,LineDrive,sacrifice,Fly,0.029619112523,0.012801931308,0.052172360704,pipeline_new_season_predictive,posterior_cell,false
2009,LineDrive,sacrifice,LineDrive,0.967831286152,0.944052509759,0.985637088492,pipeline_new_season_predictive,posterior_cell,false
2009,LineDrive,sacrifice,PopUp,0.002549601324,0.000000031951,0.010858689160,pipeline_new_season_predictive,posterior_cell,false
2009,PopUp,fielders_choice,Fly,0.335894665609,0.014086214332,0.852729647080,pipeline_new_season_predictive,prior_only_cell,false
2009,PopUp,fielders_choice,LineDrive,0.333275621834,0.012553644607,0.855200025040,pipeline_new_season_predictive,prior_only_cell,false
2009,PopUp,fielders_choice,PopUp,0.330829712557,0.012484033099,0.831828034403,pipeline_new_season_predictive,prior_only_cell,false
2009,PopUp,hit,Fly,0.528684011493,0.306390546476,0.753965755853,pipeline_new_season_predictive,posterior_cell,false
2009,PopUp,hit,LineDrive,0.058755622258,0.001158124391,0.206403788164,pipeline_new_season_predictive,posterior_cell,false
2009,PopUp,hit,PopUp,0.412560366250,0.190507787649,0.643233670412,pipeline_new_season_predictive,posterior_cell,false
2009,PopUp,out_in_play,Fly,0.037668098924,0.022772556218,0.054774015464,pipeline_new_season_predictive,posterior_cell,false
2009,PopUp,out_in_play,LineDrive,0.000889041357,0.000000000000,0.004441289968,pipeline_new_season_predictive,posterior_cell,false
2009,PopUp,out_in_play,PopUp,0.961442859718,0.943941271236,0.976451013746,pipeline_new_season_predictive,posterior_cell,false
2009,PopUp,reached_on_error,Fly,0.201243124548,0.006324222095,0.597107243899,pipeline_new_season_predictive,posterior_cell,false
2009,PopUp,reached_on_error,LineDrive,0.197021201905,0.005911534909,0.602808680696,pipeline_new_season_predictive,posterior_cell,false
2009,PopUp,reached_on_error,PopUp,0.601735673547,0.193279473894,0.935785362313,pipeline_new_season_predictive,posterior_cell,false
2009,PopUp,sacrifice,Fly,0.199192194878,0.005918704927,0.605308958479,pipeline_new_season_predictive,posterior_cell,false
2009,PopUp,sacrifice,LineDrive,0.197253671809,0.006223679126,0.588656187032,pipeline_new_season_predictive,posterior_cell,false
2009,PopUp,sacrifice,PopUp,0.603554133313,0.186667699093,0.934080405846,pipeline_new_season_predictive,posterior_cell,false
2010,Fly,fielders_choice,Fly,0.500774961142,0.094371943792,0.904975214587,pipeline_new_season_predictive,posterior_cell,false
2010,Fly,fielders_choice,LineDrive,0.251640178177,0.007563843966,0.714613103302,pipeline_new_season_predictive,posterior_cell,false
2010,Fly,fielders_choice,PopUp,0.247584860682,0.007419247484,0.702412047460,pipeline_new_season_predictive,posterior_cell,false
2010,Fly,hit,Fly,0.586537275666,0.555222215255,0.616950949308,pipeline_new_season_predictive,posterior_cell,false
2010,Fly,hit,LineDrive,0.400806095749,0.369539958800,0.431912531797,pipeline_new_season_predictive,posterior_cell,false
2010,Fly,hit,PopUp,0.012656628585,0.006634599790,0.021128275039,pipeline_new_season_predictive,posterior_cell,false
2010,Fly,out_in_play,Fly,0.597391992298,0.564793329064,0.628945902265,pipeline_new_season_predictive,posterior_cell,false
2010,Fly,out_in_play,LineDrive,0.103283770665,0.084085853346,0.123977632863,pipeline_new_season_predictive,posterior_cell,false
2010,Fly,out_in_play,PopUp,0.299324237038,0.271070047487,0.329039891568,pipeline_new_season_predictive,posterior_cell,false
2010,Fly,reached_on_error,Fly,0.539635330006,0.467107784748,0.611330378425,pipeline_new_season_predictive,posterior_cell,false
2010,Fly,reached_on_error,LineDrive,0.119912534891,0.075874628604,0.171678324050,pipeline_new_season_predictive,posterior_cell,false
2010,Fly,reached_on_error,PopUp,0.340452135103,0.273985453301,0.412863694136,pipeline_new_season_predictive,posterior_cell,false
2010,Fly,sacrifice,Fly,0.807473297192,0.776737961356,0.836726141642,pipeline_new_season_predictive,posterior_cell,false
2010,Fly,sacrifice,LineDrive,0.165422520742,0.137906418227,0.194211083604,pipeline_new_season_predictive,posterior_cell,false
2010,Fly,sacrifice,PopUp,0.027104182066,0.015746272817,0.041077898087,pipeline_new_season_predictive,posterior_cell,false
2010,LineDrive,fielders_choice,Fly,0.338322981399,0.012566106235,0.853690921868,pipeline_new_season_predictive,prior_only_cell,false
2010,LineDrive,fielders_choice,LineDrive,0.330901557241,0.010045140076,0.851193756848,pipeline_new_season_predictive,prior_only_cell,false
2010,LineDrive,fielders_choice,PopUp,0.330775461360,0.012220057519,0.836529319121,pipeline_new_season_predictive,prior_only_cell,false
2010,LineDrive,hit,Fly,0.032281659864,0.021536227147,0.044552575078,pipeline_new_season_predictive,posterior_cell,false
2010,LineDrive,hit,LineDrive,0.967492026556,0.955274366663,0.978167336939,pipeline_new_season_predictive,posterior_cell,false
2010,LineDrive,hit,PopUp,0.000226313580,0.000000000000,0.001656509846,pipeline_new_season_predictive,posterior_cell,false
2010,LineDrive,out_in_play,Fly,0.062092696263,0.046653865275,0.078800260917,pipeline_new_season_predictive,posterior_cell,false
2010,LineDrive,out_in_play,LineDrive,0.935883922547,0.919075500405,0.951472880636,pipeline_new_season_predictive,posterior_cell,false
2010,LineDrive,out_in_play,PopUp,0.002023381190,0.000157586643,0.005745376173,pipeline_new_season_predictive,posterior_cell,false
2010,LineDrive,reached_on_error,Fly,0.059410250116,0.014845148428,0.128596047856,pipeline_new_season_predictive,posterior_cell,false
2010,LineDrive,reached_on_error,LineDrive,0.925611331732,0.850720236215,0.976639365635,pipeline_new_season_predictive,posterior_cell,false
2010,LineDrive,reached_on_error,PopUp,0.014978418153,0.000069846861,0.056050023987,pipeline_new_season_predictive,posterior_cell,false
2010,LineDrive,sacrifice,Fly,0.029619112523,0.012801931308,0.052172360704,pipeline_new_season_predictive,posterior_cell,false
2010,LineDrive,sacrifice,LineDrive,0.967831286152,0.944052509759,0.985637088492,pipeline_new_season_predictive,posterior_cell,false
2010,LineDrive,sacrifice,PopUp,0.002549601324,0.000000031951,0.010858689160,pipeline_new_season_predictive,posterior_cell,false
2010,PopUp,fielders_choice,Fly,0.335894665609,0.014086214332,0.852729647080,pipeline_new_season_predictive,prior_only_cell,false
2010,PopUp,fielders_choice,LineDrive,0.333275621834,0.012553644607,0.855200025040,pipeline_new_season_predictive,prior_only_cell,false
2010,PopUp,fielders_choice,PopUp,0.330829712557,0.012484033099,0.831828034403,pipeline_new_season_predictive,prior_only_cell,false
2010,PopUp,hit,Fly,0.528684011493,0.306390546476,0.753965755853,pipeline_new_season_predictive,posterior_cell,false
2010,PopUp,hit,LineDrive,0.058755622258,0.001158124391,0.206403788164,pipeline_new_season_predictive,posterior_cell,false
2010,PopUp,hit,PopUp,0.412560366250,0.190507787649,0.643233670412,pipeline_new_season_predictive,posterior_cell,false
2010,PopUp,out_in_play,Fly,0.037668098924,0.022772556218,0.054774015464,pipeline_new_season_predictive,posterior_cell,false
2010,PopUp,out_in_play,LineDrive,0.000889041357,0.000000000000,0.004441289968,pipeline_new_season_predictive,posterior_cell,false
2010,PopUp,out_in_play,PopUp,0.961442859718,0.943941271236,0.976451013746,pipeline_new_season_predictive,posterior_cell,false
2010,PopUp,reached_on_error,Fly,0.201243124548,0.006324222095,0.597107243899,pipeline_new_season_predictive,posterior_cell,false
2010,PopUp,reached_on_error,LineDrive,0.197021201905,0.005911534909,0.602808680696,pipeline_new_season_predictive,posterior_cell,false
2010,PopUp,reached_on_error,PopUp,0.601735673547,0.193279473894,0.935785362313,pipeline_new_season_predictive,posterior_cell,false
2010,PopUp,sacrifice,Fly,0.199192194878,0.005918704927,0.605308958479,pipeline_new_season_predictive,posterior_cell,false
2010,PopUp,sacrifice,LineDrive,0.197253671809,0.006223679126,0.588656187032,pipeline_new_season_predictive,posterior_cell,false
2010,PopUp,sacrifice,PopUp,0.603554133313,0.186667699093,0.934080405846,pipeline_new_season_predictive,posterior_cell,false
2011,Fly,fielders_choice,Fly,0.500774961142,0.094371943792,0.904975214587,pipeline_new_season_predictive,posterior_cell,false
2011,Fly,fielders_choice,LineDrive,0.251640178177,0.007563843966,0.714613103302,pipeline_new_season_predictive,posterior_cell,false
2011,Fly,fielders_choice,PopUp,0.247584860682,0.007419247484,0.702412047460,pipeline_new_season_predictive,posterior_cell,false
2011,Fly,hit,Fly,0.586537275666,0.555222215255,0.616950949308,pipeline_new_season_predictive,posterior_cell,false
2011,Fly,hit,LineDrive,0.400806095749,0.369539958800,0.431912531797,pipeline_new_season_predictive,posterior_cell,false
2011,Fly,hit,PopUp,0.012656628585,0.006634599790,0.021128275039,pipeline_new_season_predictive,posterior_cell,false
2011,Fly,out_in_play,Fly,0.597391992298,0.564793329064,0.628945902265,pipeline_new_season_predictive,posterior_cell,false
2011,Fly,out_in_play,LineDrive,0.103283770665,0.084085853346,0.123977632863,pipeline_new_season_predictive,posterior_cell,false
2011,Fly,out_in_play,PopUp,0.299324237038,0.271070047487,0.329039891568,pipeline_new_season_predictive,posterior_cell,false
2011,Fly,reached_on_error,Fly,0.539635330006,0.467107784748,0.611330378425,pipeline_new_season_predictive,posterior_cell,false
2011,Fly,reached_on_error,LineDrive,0.119912534891,0.075874628604,0.171678324050,pipeline_new_season_predictive,posterior_cell,false
2011,Fly,reached_on_error,PopUp,0.340452135103,0.273985453301,0.412863694136,pipeline_new_season_predictive,posterior_cell,false
2011,Fly,sacrifice,Fly,0.807473297192,0.776737961356,0.836726141642,pipeline_new_season_predictive,posterior_cell,false
2011,Fly,sacrifice,LineDrive,0.165422520742,0.137906418227,0.194211083604,pipeline_new_season_predictive,posterior_cell,false
2011,Fly,sacrifice,PopUp,0.027104182066,0.015746272817,0.041077898087,pipeline_new_season_predictive,posterior_cell,false
2011,LineDrive,fielders_choice,Fly,0.338322981399,0.012566106235,0.853690921868,pipeline_new_season_predictive,prior_only_cell,false
2011,LineDrive,fielders_choice,LineDrive,0.330901557241,0.010045140076,0.851193756848,pipeline_new_season_predictive,prior_only_cell,false
2011,LineDrive,fielders_choice,PopUp,0.330775461360,0.012220057519,0.836529319121,pipeline_new_season_predictive,prior_only_cell,false
2011,LineDrive,hit,Fly,0.032281659864,0.021536227147,0.044552575078,pipeline_new_season_predictive,posterior_cell,false
2011,LineDrive,hit,LineDrive,0.967492026556,0.955274366663,0.978167336939,pipeline_new_season_predictive,posterior_cell,false
2011,LineDrive,hit,PopUp,0.000226313580,0.000000000000,0.001656509846,pipeline_new_season_predictive,posterior_cell,false
2011,LineDrive,out_in_play,Fly,0.062092696263,0.046653865275,0.078800260917,pipeline_new_season_predictive,posterior_cell,false
2011,LineDrive,out_in_play,LineDrive,0.935883922547,0.919075500405,0.951472880636,pipeline_new_season_predictive,posterior_cell,false
2011,LineDrive,out_in_play,PopUp,0.002023381190,0.000157586643,0.005745376173,pipeline_new_season_predictive,posterior_cell,false
2011,LineDrive,reached_on_error,Fly,0.059410250116,0.014845148428,0.128596047856,pipeline_new_season_predictive,posterior_cell,false
2011,LineDrive,reached_on_error,LineDrive,0.925611331732,0.850720236215,0.976639365635,pipeline_new_season_predictive,posterior_cell,false
2011,LineDrive,reached_on_error,PopUp,0.014978418153,0.000069846861,0.056050023987,pipeline_new_season_predictive,posterior_cell,false
2011,LineDrive,sacrifice,Fly,0.029619112523,0.012801931308,0.052172360704,pipeline_new_season_predictive,posterior_cell,false
2011,LineDrive,sacrifice,LineDrive,0.967831286152,0.944052509759,0.985637088492,pipeline_new_season_predictive,posterior_cell,false
2011,LineDrive,sacrifice,PopUp,0.002549601324,0.000000031951,0.010858689160,pipeline_new_season_predictive,posterior_cell,false
2011,PopUp,fielders_choice,Fly,0.335894665609,0.014086214332,0.852729647080,pipeline_new_season_predictive,prior_only_cell,false
2011,PopUp,fielders_choice,LineDrive,0.333275621834,0.012553644607,0.855200025040,pipeline_new_season_predictive,prior_only_cell,false
2011,PopUp,fielders_choice,PopUp,0.330829712557,0.012484033099,0.831828034403,pipeline_new_season_predictive,prior_only_cell,false
2011,PopUp,hit,Fly,0.528684011493,0.306390546476,0.753965755853,pipeline_new_season_predictive,posterior_cell,false
2011,PopUp,hit,LineDrive,0.058755622258,0.001158124391,0.206403788164,pipeline_new_season_predictive,posterior_cell,false
2011,PopUp,hit,PopUp,0.412560366250,0.190507787649,0.643233670412,pipeline_new_season_predictive,posterior_cell,false
2011,PopUp,out_in_play,Fly,0.037668098924,0.022772556218,0.054774015464,pipeline_new_season_predictive,posterior_cell,false
2011,PopUp,out_in_play,LineDrive,0.000889041357,0.000000000000,0.004441289968,pipeline_new_season_predictive,posterior_cell,false
2011,PopUp,out_in_play,PopUp,0.961442859718,0.943941271236,0.976451013746,pipeline_new_season_predictive,posterior_cell,false
2011,PopUp,reached_on_error,Fly,0.201243124548,0.006324222095,0.597107243899,pipeline_new_season_predictive,posterior_cell,false
2011,PopUp,reached_on_error,LineDrive,0.197021201905,0.005911534909,0.602808680696,pipeline_new_season_predictive,posterior_cell,false
2011,PopUp,reached_on_error,PopUp,0.601735673547,0.193279473894,0.935785362313,pipeline_new_season_predictive,posterior_cell,false
2011,PopUp,sacrifice,Fly,0.199192194878,0.005918704927,0.605308958479,pipeline_new_season_predictive,posterior_cell,false
2011,PopUp,sacrifice,LineDrive,0.197253671809,0.006223679126,0.588656187032,pipeline_new_season_predictive,posterior_cell,false
2011,PopUp,sacrifice,PopUp,0.603554133313,0.186667699093,0.934080405846,pipeline_new_season_predictive,posterior_cell,false
2012,Fly,fielders_choice,Fly,0.500774961142,0.094371943792,0.904975214587,pipeline_new_season_predictive,posterior_cell,false
2012,Fly,fielders_choice,LineDrive,0.251640178177,0.007563843966,0.714613103302,pipeline_new_season_predictive,posterior_cell,false
2012,Fly,fielders_choice,PopUp,0.247584860682,0.007419247484,0.702412047460,pipeline_new_season_predictive,posterior_cell,false
2012,Fly,hit,Fly,0.586537275666,0.555222215255,0.616950949308,pipeline_new_season_predictive,posterior_cell,false
2012,Fly,hit,LineDrive,0.400806095749,0.369539958800,0.431912531797,pipeline_new_season_predictive,posterior_cell,false
2012,Fly,hit,PopUp,0.012656628585,0.006634599790,0.021128275039,pipeline_new_season_predictive,posterior_cell,false
2012,Fly,out_in_play,Fly,0.597391992298,0.564793329064,0.628945902265,pipeline_new_season_predictive,posterior_cell,false
2012,Fly,out_in_play,LineDrive,0.103283770665,0.084085853346,0.123977632863,pipeline_new_season_predictive,posterior_cell,false
2012,Fly,out_in_play,PopUp,0.299324237038,0.271070047487,0.329039891568,pipeline_new_season_predictive,posterior_cell,false
2012,Fly,reached_on_error,Fly,0.539635330006,0.467107784748,0.611330378425,pipeline_new_season_predictive,posterior_cell,false
2012,Fly,reached_on_error,LineDrive,0.119912534891,0.075874628604,0.171678324050,pipeline_new_season_predictive,posterior_cell,false
2012,Fly,reached_on_error,PopUp,0.340452135103,0.273985453301,0.412863694136,pipeline_new_season_predictive,posterior_cell,false
2012,Fly,sacrifice,Fly,0.807473297192,0.776737961356,0.836726141642,pipeline_new_season_predictive,posterior_cell,false
2012,Fly,sacrifice,LineDrive,0.165422520742,0.137906418227,0.194211083604,pipeline_new_season_predictive,posterior_cell,false
2012,Fly,sacrifice,PopUp,0.027104182066,0.015746272817,0.041077898087,pipeline_new_season_predictive,posterior_cell,false
2012,LineDrive,fielders_choice,Fly,0.338322981399,0.012566106235,0.853690921868,pipeline_new_season_predictive,prior_only_cell,false
2012,LineDrive,fielders_choice,LineDrive,0.330901557241,0.010045140076,0.851193756848,pipeline_new_season_predictive,prior_only_cell,false
2012,LineDrive,fielders_choice,PopUp,0.330775461360,0.012220057519,0.836529319121,pipeline_new_season_predictive,prior_only_cell,false
2012,LineDrive,hit,Fly,0.032281659864,0.021536227147,0.044552575078,pipeline_new_season_predictive,posterior_cell,false
2012,LineDrive,hit,LineDrive,0.967492026556,0.955274366663,0.978167336939,pipeline_new_season_predictive,posterior_cell,false
2012,LineDrive,hit,PopUp,0.000226313580,0.000000000000,0.001656509846,pipeline_new_season_predictive,posterior_cell,false
2012,LineDrive,out_in_play,Fly,0.062092696263,0.046653865275,0.078800260917,pipeline_new_season_predictive,posterior_cell,false
2012,LineDrive,out_in_play,LineDrive,0.935883922547,0.919075500405,0.951472880636,pipeline_new_season_predictive,posterior_cell,false
2012,LineDrive,out_in_play,PopUp,0.002023381190,0.000157586643,0.005745376173,pipeline_new_season_predictive,posterior_cell,false
2012,LineDrive,reached_on_error,Fly,0.059410250116,0.014845148428,0.128596047856,pipeline_new_season_predictive,posterior_cell,false
2012,LineDrive,reached_on_error,LineDrive,0.925611331732,0.850720236215,0.976639365635,pipeline_new_season_predictive,posterior_cell,false
2012,LineDrive,reached_on_error,PopUp,0.014978418153,0.000069846861,0.056050023987,pipeline_new_season_predictive,posterior_cell,false
2012,LineDrive,sacrifice,Fly,0.029619112523,0.012801931308,0.052172360704,pipeline_new_season_predictive,posterior_cell,false
2012,LineDrive,sacrifice,LineDrive,0.967831286152,0.944052509759,0.985637088492,pipeline_new_season_predictive,posterior_cell,false
2012,LineDrive,sacrifice,PopUp,0.002549601324,0.000000031951,0.010858689160,pipeline_new_season_predictive,posterior_cell,false
2012,PopUp,fielders_choice,Fly,0.335894665609,0.014086214332,0.852729647080,pipeline_new_season_predictive,prior_only_cell,false
2012,PopUp,fielders_choice,LineDrive,0.333275621834,0.012553644607,0.855200025040,pipeline_new_season_predictive,prior_only_cell,false
2012,PopUp,fielders_choice,PopUp,0.330829712557,0.012484033099,0.831828034403,pipeline_new_season_predictive,prior_only_cell,false
2012,PopUp,hit,Fly,0.528684011493,0.306390546476,0.753965755853,pipeline_new_season_predictive,posterior_cell,false
2012,PopUp,hit,LineDrive,0.058755622258,0.001158124391,0.206403788164,pipeline_new_season_predictive,posterior_cell,false
2012,PopUp,hit,PopUp,0.412560366250,0.190507787649,0.643233670412,pipeline_new_season_predictive,posterior_cell,false
2012,PopUp,out_in_play,Fly,0.037668098924,0.022772556218,0.054774015464,pipeline_new_season_predictive,posterior_cell,false
2012,PopUp,out_in_play,LineDrive,0.000889041357,0.000000000000,0.004441289968,pipeline_new_season_predictive,posterior_cell,false
2012,PopUp,out_in_play,PopUp,0.961442859718,0.943941271236,0.976451013746,pipeline_new_season_predictive,posterior_cell,false
2012,PopUp,reached_on_error,Fly,0.201243124548,0.006324222095,0.597107243899,pipeline_new_season_predictive,posterior_cell,false
2012,PopUp,reached_on_error,LineDrive,0.197021201905,0.005911534909,0.602808680696,pipeline_new_season_predictive,posterior_cell,false
2012,PopUp,reached_on_error,PopUp,0.601735673547,0.193279473894,0.935785362313,pipeline_new_season_predictive,posterior_cell,false
2012,PopUp,sacrifice,Fly,0.199192194878,0.005918704927,0.605308958479,pipeline_new_season_predictive,posterior_cell,false
2012,PopUp,sacrifice,LineDrive,0.197253671809,0.006223679126,0.588656187032,pipeline_new_season_predictive,posterior_cell,false
2012,PopUp,sacrifice,PopUp,0.603554133313,0.186667699093,0.934080405846,pipeline_new_season_predictive,posterior_cell,false
2013,Fly,fielders_choice,Fly,0.500774961142,0.094371943792,0.904975214587,pipeline_new_season_predictive,posterior_cell,false
2013,Fly,fielders_choice,LineDrive,0.251640178177,0.007563843966,0.714613103302,pipeline_new_season_predictive,posterior_cell,false
2013,Fly,fielders_choice,PopUp,0.247584860682,0.007419247484,0.702412047460,pipeline_new_season_predictive,posterior_cell,false
2013,Fly,hit,Fly,0.586537275666,0.555222215255,0.616950949308,pipeline_new_season_predictive,posterior_cell,false
2013,Fly,hit,LineDrive,0.400806095749,0.369539958800,0.431912531797,pipeline_new_season_predictive,posterior_cell,false
2013,Fly,hit,PopUp,0.012656628585,0.006634599790,0.021128275039,pipeline_new_season_predictive,posterior_cell,false
2013,Fly,out_in_play,Fly,0.597391992298,0.564793329064,0.628945902265,pipeline_new_season_predictive,posterior_cell,false
2013,Fly,out_in_play,LineDrive,0.103283770665,0.084085853346,0.123977632863,pipeline_new_season_predictive,posterior_cell,false
2013,Fly,out_in_play,PopUp,0.299324237038,0.271070047487,0.329039891568,pipeline_new_season_predictive,posterior_cell,false
2013,Fly,reached_on_error,Fly,0.539635330006,0.467107784748,0.611330378425,pipeline_new_season_predictive,posterior_cell,false
2013,Fly,reached_on_error,LineDrive,0.119912534891,0.075874628604,0.171678324050,pipeline_new_season_predictive,posterior_cell,false
2013,Fly,reached_on_error,PopUp,0.340452135103,0.273985453301,0.412863694136,pipeline_new_season_predictive,posterior_cell,false
2013,Fly,sacrifice,Fly,0.807473297192,0.776737961356,0.836726141642,pipeline_new_season_predictive,posterior_cell,false
2013,Fly,sacrifice,LineDrive,0.165422520742,0.137906418227,0.194211083604,pipeline_new_season_predictive,posterior_cell,false
2013,Fly,sacrifice,PopUp,0.027104182066,0.015746272817,0.041077898087,pipeline_new_season_predictive,posterior_cell,false
2013,LineDrive,fielders_choice,Fly,0.338322981399,0.012566106235,0.853690921868,pipeline_new_season_predictive,prior_only_cell,false
2013,LineDrive,fielders_choice,LineDrive,0.330901557241,0.010045140076,0.851193756848,pipeline_new_season_predictive,prior_only_cell,false
2013,LineDrive,fielders_choice,PopUp,0.330775461360,0.012220057519,0.836529319121,pipeline_new_season_predictive,prior_only_cell,false
2013,LineDrive,hit,Fly,0.032281659864,0.021536227147,0.044552575078,pipeline_new_season_predictive,posterior_cell,false
2013,LineDrive,hit,LineDrive,0.967492026556,0.955274366663,0.978167336939,pipeline_new_season_predictive,posterior_cell,false
2013,LineDrive,hit,PopUp,0.000226313580,0.000000000000,0.001656509846,pipeline_new_season_predictive,posterior_cell,false
2013,LineDrive,out_in_play,Fly,0.062092696263,0.046653865275,0.078800260917,pipeline_new_season_predictive,posterior_cell,false
2013,LineDrive,out_in_play,LineDrive,0.935883922547,0.919075500405,0.951472880636,pipeline_new_season_predictive,posterior_cell,false
2013,LineDrive,out_in_play,PopUp,0.002023381190,0.000157586643,0.005745376173,pipeline_new_season_predictive,posterior_cell,false
2013,LineDrive,reached_on_error,Fly,0.059410250116,0.014845148428,0.128596047856,pipeline_new_season_predictive,posterior_cell,false
2013,LineDrive,reached_on_error,LineDrive,0.925611331732,0.850720236215,0.976639365635,pipeline_new_season_predictive,posterior_cell,false
2013,LineDrive,reached_on_error,PopUp,0.014978418153,0.000069846861,0.056050023987,pipeline_new_season_predictive,posterior_cell,false
2013,LineDrive,sacrifice,Fly,0.029619112523,0.012801931308,0.052172360704,pipeline_new_season_predictive,posterior_cell,false
2013,LineDrive,sacrifice,LineDrive,0.967831286152,0.944052509759,0.985637088492,pipeline_new_season_predictive,posterior_cell,false
2013,LineDrive,sacrifice,PopUp,0.002549601324,0.000000031951,0.010858689160,pipeline_new_season_predictive,posterior_cell,false
2013,PopUp,fielders_choice,Fly,0.335894665609,0.014086214332,0.852729647080,pipeline_new_season_predictive,prior_only_cell,false
2013,PopUp,fielders_choice,LineDrive,0.333275621834,0.012553644607,0.855200025040,pipeline_new_season_predictive,prior_only_cell,false
2013,PopUp,fielders_choice,PopUp,0.330829712557,0.012484033099,0.831828034403,pipeline_new_season_predictive,prior_only_cell,false
2013,PopUp,hit,Fly,0.528684011493,0.306390546476,0.753965755853,pipeline_new_season_predictive,posterior_cell,false
2013,PopUp,hit,LineDrive,0.058755622258,0.001158124391,0.206403788164,pipeline_new_season_predictive,posterior_cell,false
2013,PopUp,hit,PopUp,0.412560366250,0.190507787649,0.643233670412,pipeline_new_season_predictive,posterior_cell,false
2013,PopUp,out_in_play,Fly,0.037668098924,0.022772556218,0.054774015464,pipeline_new_season_predictive,posterior_cell,false
2013,PopUp,out_in_play,LineDrive,0.000889041357,0.000000000000,0.004441289968,pipeline_new_season_predictive,posterior_cell,false
2013,PopUp,out_in_play,PopUp,0.961442859718,0.943941271236,0.976451013746,pipeline_new_season_predictive,posterior_cell,false
2013,PopUp,reached_on_error,Fly,0.201243124548,0.006324222095,0.597107243899,pipeline_new_season_predictive,posterior_cell,false
2013,PopUp,reached_on_error,LineDrive,0.197021201905,0.005911534909,0.602808680696,pipeline_new_season_predictive,posterior_cell,false
2013,PopUp,reached_on_error,PopUp,0.601735673547,0.193279473894,0.935785362313,pipeline_new_season_predictive,posterior_cell,false
2013,PopUp,sacrifice,Fly,0.199192194878,0.005918704927,0.605308958479,pipeline_new_season_predictive,posterior_cell,false
2013,PopUp,sacrifice,LineDrive,0.197253671809,0.006223679126,0.588656187032,pipeline_new_season_predictive,posterior_cell,false
2013,PopUp,sacrifice,PopUp,0.603554133313,0.186667699093,0.934080405846,pipeline_new_season_predictive,posterior_cell,false
2014,Fly,fielders_choice,Fly,0.500774961142,0.094371943792,0.904975214587,pipeline_new_season_predictive,posterior_cell,false
2014,Fly,fielders_choice,LineDrive,0.251640178177,0.007563843966,0.714613103302,pipeline_new_season_predictive,posterior_cell,false
2014,Fly,fielders_choice,PopUp,0.247584860682,0.007419247484,0.702412047460,pipeline_new_season_predictive,posterior_cell,false
2014,Fly,hit,Fly,0.586537275666,0.555222215255,0.616950949308,pipeline_new_season_predictive,posterior_cell,false
2014,Fly,hit,LineDrive,0.400806095749,0.369539958800,0.431912531797,pipeline_new_season_predictive,posterior_cell,false
2014,Fly,hit,PopUp,0.012656628585,0.006634599790,0.021128275039,pipeline_new_season_predictive,posterior_cell,false
2014,Fly,out_in_play,Fly,0.597391992298,0.564793329064,0.628945902265,pipeline_new_season_predictive,posterior_cell,false
2014,Fly,out_in_play,LineDrive,0.103283770665,0.084085853346,0.123977632863,pipeline_new_season_predictive,posterior_cell,false
2014,Fly,out_in_play,PopUp,0.299324237038,0.271070047487,0.329039891568,pipeline_new_season_predictive,posterior_cell,false
2014,Fly,reached_on_error,Fly,0.539635330006,0.467107784748,0.611330378425,pipeline_new_season_predictive,posterior_cell,false
2014,Fly,reached_on_error,LineDrive,0.119912534891,0.075874628604,0.171678324050,pipeline_new_season_predictive,posterior_cell,false
2014,Fly,reached_on_error,PopUp,0.340452135103,0.273985453301,0.412863694136,pipeline_new_season_predictive,posterior_cell,false
2014,Fly,sacrifice,Fly,0.807473297192,0.776737961356,0.836726141642,pipeline_new_season_predictive,posterior_cell,false
2014,Fly,sacrifice,LineDrive,0.165422520742,0.137906418227,0.194211083604,pipeline_new_season_predictive,posterior_cell,false
2014,Fly,sacrifice,PopUp,0.027104182066,0.015746272817,0.041077898087,pipeline_new_season_predictive,posterior_cell,false
2014,LineDrive,fielders_choice,Fly,0.338322981399,0.012566106235,0.853690921868,pipeline_new_season_predictive,prior_only_cell,false
2014,LineDrive,fielders_choice,LineDrive,0.330901557241,0.010045140076,0.851193756848,pipeline_new_season_predictive,prior_only_cell,false
2014,LineDrive,fielders_choice,PopUp,0.330775461360,0.012220057519,0.836529319121,pipeline_new_season_predictive,prior_only_cell,false
2014,LineDrive,hit,Fly,0.032281659864,0.021536227147,0.044552575078,pipeline_new_season_predictive,posterior_cell,false
2014,LineDrive,hit,LineDrive,0.967492026556,0.955274366663,0.978167336939,pipeline_new_season_predictive,posterior_cell,false
2014,LineDrive,hit,PopUp,0.000226313580,0.000000000000,0.001656509846,pipeline_new_season_predictive,posterior_cell,false
2014,LineDrive,out_in_play,Fly,0.062092696263,0.046653865275,0.078800260917,pipeline_new_season_predictive,posterior_cell,false
2014,LineDrive,out_in_play,LineDrive,0.935883922547,0.919075500405,0.951472880636,pipeline_new_season_predictive,posterior_cell,false
2014,LineDrive,out_in_play,PopUp,0.002023381190,0.000157586643,0.005745376173,pipeline_new_season_predictive,posterior_cell,false
2014,LineDrive,reached_on_error,Fly,0.059410250116,0.014845148428,0.128596047856,pipeline_new_season_predictive,posterior_cell,false
2014,LineDrive,reached_on_error,LineDrive,0.925611331732,0.850720236215,0.976639365635,pipeline_new_season_predictive,posterior_cell,false
2014,LineDrive,reached_on_error,PopUp,0.014978418153,0.000069846861,0.056050023987,pipeline_new_season_predictive,posterior_cell,false
2014,LineDrive,sacrifice,Fly,0.029619112523,0.012801931308,0.052172360704,pipeline_new_season_predictive,posterior_cell,false
2014,LineDrive,sacrifice,LineDrive,0.967831286152,0.944052509759,0.985637088492,pipeline_new_season_predictive,posterior_cell,false
2014,LineDrive,sacrifice,PopUp,0.002549601324,0.000000031951,0.010858689160,pipeline_new_season_predictive,posterior_cell,false
2014,PopUp,fielders_choice,Fly,0.335894665609,0.014086214332,0.852729647080,pipeline_new_season_predictive,prior_only_cell,false
2014,PopUp,fielders_choice,LineDrive,0.333275621834,0.012553644607,0.855200025040,pipeline_new_season_predictive,prior_only_cell,false
2014,PopUp,fielders_choice,PopUp,0.330829712557,0.012484033099,0.831828034403,pipeline_new_season_predictive,prior_only_cell,false
2014,PopUp,hit,Fly,0.528684011493,0.306390546476,0.753965755853,pipeline_new_season_predictive,posterior_cell,false
2014,PopUp,hit,LineDrive,0.058755622258,0.001158124391,0.206403788164,pipeline_new_season_predictive,posterior_cell,false
2014,PopUp,hit,PopUp,0.412560366250,0.190507787649,0.643233670412,pipeline_new_season_predictive,posterior_cell,false
2014,PopUp,out_in_play,Fly,0.037668098924,0.022772556218,0.054774015464,pipeline_new_season_predictive,posterior_cell,false
2014,PopUp,out_in_play,LineDrive,0.000889041357,0.000000000000,0.004441289968,pipeline_new_season_predictive,posterior_cell,false
2014,PopUp,out_in_play,PopUp,0.961442859718,0.943941271236,0.976451013746,pipeline_new_season_predictive,posterior_cell,false
2014,PopUp,reached_on_error,Fly,0.201243124548,0.006324222095,0.597107243899,pipeline_new_season_predictive,posterior_cell,false
2014,PopUp,reached_on_error,LineDrive,0.197021201905,0.005911534909,0.602808680696,pipeline_new_season_predictive,posterior_cell,false
2014,PopUp,reached_on_error,PopUp,0.601735673547,0.193279473894,0.935785362313,pipeline_new_season_predictive,posterior_cell,false
2014,PopUp,sacrifice,Fly,0.199192194878,0.005918704927,0.605308958479,pipeline_new_season_predictive,posterior_cell,false
2014,PopUp,sacrifice,LineDrive,0.197253671809,0.006223679126,0.588656187032,pipeline_new_season_predictive,posterior_cell,false
2014,PopUp,sacrifice,PopUp,0.603554133313,0.186667699093,0.934080405846,pipeline_new_season_predictive,posterior_cell,false
2015,Fly,fielders_choice,Fly,0.505607071089,0.094194588212,0.907726914789,referenced_season_posterior,posterior_cell,false
2015,Fly,fielders_choice,LineDrive,0.248535198653,0.007613986404,0.710619198139,referenced_season_posterior,posterior_cell,false
2015,Fly,fielders_choice,PopUp,0.245857730258,0.007335592090,0.693609318470,referenced_season_posterior,posterior_cell,false
2015,Fly,hit,Fly,0.579970699392,0.551140228471,0.605732444581,referenced_season_posterior,posterior_cell,false
2015,Fly,hit,LineDrive,0.405161128946,0.378717529026,0.433597945626,referenced_season_posterior,posterior_cell,false
2015,Fly,hit,PopUp,0.014868171662,0.009141000528,0.022767779326,referenced_season_posterior,posterior_cell,false
2015,Fly,out_in_play,Fly,0.601026643579,0.579916604765,0.622028265161,referenced_season_posterior,posterior_cell,false
2015,Fly,out_in_play,LineDrive,0.106208046602,0.094028231046,0.120057511311,referenced_season_posterior,posterior_cell,false
2015,Fly,out_in_play,PopUp,0.292765309819,0.273008095716,0.312217538688,referenced_season_posterior,posterior_cell,false
2015,Fly,reached_on_error,Fly,0.541414296236,0.467455811396,0.614217364455,referenced_season_posterior,posterior_cell,false
2015,Fly,reached_on_error,LineDrive,0.118965252294,0.075708319611,0.169011523463,referenced_season_posterior,posterior_cell,false
2015,Fly,reached_on_error,PopUp,0.339620451471,0.271584417173,0.411271605928,referenced_season_posterior,posterior_cell,false
2015,Fly,sacrifice,Fly,0.804833872370,0.774568291969,0.833770138110,referenced_season_posterior,posterior_cell,false
2015,Fly,sacrifice,LineDrive,0.168701621510,0.141017401709,0.198510936683,referenced_season_posterior,posterior_cell,false
2015,Fly,sacrifice,PopUp,0.026464506120,0.015178751614,0.039735144778,referenced_season_posterior,posterior_cell,false
2015,LineDrive,fielders_choice,Fly,0.333587475394,0.011166919275,0.843301899141,referenced_season_posterior,prior_only_cell,false
2015,LineDrive,fielders_choice,LineDrive,0.330691627246,0.012349961072,0.841477611785,referenced_season_posterior,prior_only_cell,false
2015,LineDrive,fielders_choice,PopUp,0.335720897360,0.012092864953,0.841567980412,referenced_season_posterior,prior_only_cell,false
2015,LineDrive,hit,Fly,0.030417032600,0.022019850155,0.039394517990,referenced_season_posterior,posterior_cell,false
2015,LineDrive,hit,LineDrive,0.968899196452,0.959791072432,0.977179106987,referenced_season_posterior,posterior_cell,false
2015,LineDrive,hit,PopUp,0.000683770948,0.000028736504,0.002426752775,referenced_season_posterior,posterior_cell,false
2015,LineDrive,out_in_play,Fly,0.056689973138,0.042416950984,0.070213269422,referenced_season_posterior,posterior_cell,false
2015,LineDrive,out_in_play,LineDrive,0.941544838481,0.927862692585,0.955560153021,referenced_season_posterior,posterior_cell,false
2015,LineDrive,out_in_play,PopUp,0.001765188382,0.000129472414,0.004928381342,referenced_season_posterior,posterior_cell,false
2015,LineDrive,reached_on_error,Fly,0.058983564708,0.016049107094,0.126454166394,referenced_season_posterior,posterior_cell,false
2015,LineDrive,reached_on_error,LineDrive,0.926166811771,0.855011778688,0.976220836180,referenced_season_posterior,posterior_cell,false
2015,LineDrive,reached_on_error,PopUp,0.014849623521,0.000099623690,0.056108346981,referenced_season_posterior,posterior_cell,false
2015,LineDrive,sacrifice,Fly,0.029294630862,0.012787925706,0.051603068159,referenced_season_posterior,posterior_cell,false
2015,LineDrive,sacrifice,LineDrive,0.968084593113,0.944848249549,0.985588471431,referenced_season_posterior,posterior_cell,false
2015,LineDrive,sacrifice,PopUp,0.002620776024,0.000000008145,0.010569122961,referenced_season_posterior,posterior_cell,false
2015,PopUp,fielders_choice,Fly,0.332614875678,0.012646362303,0.834346739499,referenced_season_posterior,prior_only_cell,false
2015,PopUp,fielders_choice,LineDrive,0.328999543722,0.011834004958,0.837716621765,referenced_season_posterior,prior_only_cell,false
2015,PopUp,fielders_choice,PopUp,0.338385580600,0.010117891517,0.845939883374,referenced_season_posterior,prior_only_cell,false
2015,PopUp,hit,Fly,0.532470232884,0.300116903522,0.750686463253,referenced_season_posterior,posterior_cell,false
2015,PopUp,hit,LineDrive,0.058924054711,0.001339963488,0.211297044510,referenced_season_posterior,posterior_cell,false
2015,PopUp,hit,PopUp,0.408605712405,0.200442751338,0.642758059137,referenced_season_posterior,posterior_cell,false
2015,PopUp,out_in_play,Fly,0.038213456474,0.022509146667,0.055679601694,referenced_season_posterior,posterior_cell,false
2015,PopUp,out_in_play,LineDrive,0.000895672961,0.000000000000,0.004272112785,referenced_season_posterior,posterior_cell,false
2015,PopUp,out_in_play,PopUp,0.960890870566,0.942963080628,0.976662471090,referenced_season_posterior,posterior_cell,false
2015,PopUp,reached_on_error,Fly,0.203078606892,0.006324407076,0.613915796401,referenced_season_posterior,posterior_cell,false
2015,PopUp,reached_on_error,LineDrive,0.195333656756,0.006246149823,0.600240269811,referenced_season_posterior,posterior_cell,false
2015,PopUp,reached_on_error,PopUp,0.601587736352,0.195612646165,0.934068946590,referenced_season_posterior,posterior_cell,false
2015,PopUp,sacrifice,Fly,0.201641250444,0.005735547730,0.605377453408,referenced_season_posterior,posterior_cell,false
2015,PopUp,sacrifice,LineDrive,0.199754099436,0.005426228514,0.584371178415,referenced_season_posterior,posterior_cell,false
2015,PopUp,sacrifice,PopUp,0.598604650120,0.193788677664,0.930580081968,referenced_season_posterior,posterior_cell,false
2016,Fly,fielders_choice,Fly,0.499242479344,0.088976556576,0.906041323501,referenced_season_posterior,posterior_cell,false
2016,Fly,fielders_choice,LineDrive,0.251449043482,0.008077566024,0.719061793990,referenced_season_posterior,posterior_cell,false
2016,Fly,fielders_choice,PopUp,0.249308477174,0.007458670867,0.705924003504,referenced_season_posterior,posterior_cell,false
2016,Fly,hit,Fly,0.578761399707,0.567980041183,0.589294906653,referenced_season_posterior,posterior_cell,false
2016,Fly,hit,LineDrive,0.411643384974,0.401297134673,0.422393849936,referenced_season_posterior,posterior_cell,false
2016,Fly,hit,PopUp,0.009595215319,0.007551846582,0.011854629661,referenced_season_posterior,posterior_cell,false
2016,Fly,out_in_play,Fly,0.608793458713,0.602386845337,0.615266895644,referenced_season_posterior,posterior_cell,false
2016,Fly,out_in_play,LineDrive,0.109323883191,0.105155480867,0.113621110892,referenced_season_posterior,posterior_cell,false
2016,Fly,out_in_play,PopUp,0.281882658096,0.275984014144,0.287833450223,referenced_season_posterior,posterior_cell,false
2016,Fly,reached_on_error,Fly,0.539047772019,0.468234464674,0.608432443309,referenced_season_posterior,posterior_cell,false
2016,Fly,reached_on_error,LineDrive,0.119832953829,0.078874977132,0.168933285117,referenced_season_posterior,posterior_cell,false
2016,Fly,reached_on_error,PopUp,0.341119274152,0.277192221697,0.409238799013,referenced_season_posterior,posterior_cell,false
2016,Fly,sacrifice,Fly,0.806335273058,0.784019494514,0.828320219400,referenced_season_posterior,posterior_cell,false
2016,Fly,sacrifice,LineDrive,0.166879683348,0.146504629214,0.188982741049,referenced_season_posterior,posterior_cell,false
2016,Fly,sacrifice,PopUp,0.026785043594,0.018204060867,0.036590438557,referenced_season_posterior,posterior_cell,false
2016,LineDrive,fielders_choice,Fly,0.332967844960,0.013153885349,0.841982077006,referenced_season_posterior,prior_only_cell,false
2016,LineDrive,fielders_choice,LineDrive,0.331795808539,0.011189913144,0.838329457522,referenced_season_posterior,prior_only_cell,false
2016,LineDrive,fielders_choice,PopUp,0.335236346501,0.013935230482,0.852102191346,referenced_season_posterior,prior_only_cell,false
2016,LineDrive,hit,Fly,0.030716453453,0.027535667845,0.034155085455,referenced_season_posterior,posterior_cell,false
2016,LineDrive,hit,LineDrive,0.969257072388,0.965819777032,0.972424387881,referenced_season_posterior,posterior_cell,false
2016,LineDrive,hit,PopUp,0.000026474159,0.000000000000,0.000172320903,referenced_season_posterior,posterior_cell,false
2016,LineDrive,out_in_play,Fly,0.059167995507,0.052935451268,0.065704028953,referenced_season_posterior,posterior_cell,false
2016,LineDrive,out_in_play,LineDrive,0.939436699435,0.932848101680,0.945760117185,referenced_season_posterior,posterior_cell,false
2016,LineDrive,out_in_play,PopUp,0.001395305058,0.000565952526,0.002616559511,referenced_season_posterior,posterior_cell,false
2016,LineDrive,reached_on_error,Fly,0.058693300923,0.016380758715,0.125294470037,referenced_season_posterior,posterior_cell,false
2016,LineDrive,reached_on_error,LineDrive,0.926818323297,0.853116608419,0.975627109470,referenced_season_posterior,posterior_cell,false
2016,LineDrive,reached_on_error,PopUp,0.014488375781,0.000062753264,0.055194307026,referenced_season_posterior,posterior_cell,false
2016,LineDrive,sacrifice,Fly,0.029065929840,0.013413550001,0.049262166049,referenced_season_posterior,posterior_cell,false
2016,LineDrive,sacrifice,LineDrive,0.968578111924,0.946985291221,0.984844681929,referenced_season_posterior,posterior_cell,false
2016,LineDrive,sacrifice,PopUp,0.002355958236,0.000000006887,0.009566518757,referenced_season_posterior,posterior_cell,false
2016,PopUp,fielders_choice,Fly,0.333764232842,0.012632416661,0.840208326384,referenced_season_posterior,prior_only_cell,false
2016,PopUp,fielders_choice,LineDrive,0.326066046172,0.011879963570,0.842893943520,referenced_season_posterior,prior_only_cell,false
2016,PopUp,fielders_choice,PopUp,0.340169720986,0.013318555232,0.847912027714,referenced_season_posterior,prior_only_cell,false
2016,PopUp,hit,Fly,0.533071833171,0.294194310226,0.762493251225,referenced_season_posterior,posterior_cell,false
2016,PopUp,hit,LineDrive,0.058924690928,0.001078540650,0.204604799338,referenced_season_posterior,posterior_cell,false
2016,PopUp,hit,PopUp,0.408003475901,0.187905181281,0.647754151621,referenced_season_posterior,posterior_cell,false
2016,PopUp,out_in_play,Fly,0.039185338619,0.029529723473,0.050434247981,referenced_season_posterior,posterior_cell,false
2016,PopUp,out_in_play,LineDrive,0.000479736009,0.000000000000,0.002205687934,referenced_season_posterior,posterior_cell,false
2016,PopUp,out_in_play,PopUp,0.960334925372,0.949108350738,0.970100231449,referenced_season_posterior,posterior_cell,false
2016,PopUp,reached_on_error,Fly,0.197038977483,0.005653567712,0.594440649361,referenced_season_posterior,posterior_cell,false
2016,PopUp,reached_on_error,LineDrive,0.199172710664,0.006871244402,0.613254148677,referenced_season_posterior,posterior_cell,false
2016,PopUp,reached_on_error,PopUp,0.603788311853,0.181168309203,0.933643423671,referenced_season_posterior,posterior_cell,false
2016,PopUp,sacrifice,Fly,0.202693666636,0.005864479598,0.611762106532,referenced_season_posterior,posterior_cell,false
2016,PopUp,sacrifice,LineDrive,0.196937840360,0.004915800824,0.582846560284,referenced_season_posterior,posterior_cell,false
2016,PopUp,sacrifice,PopUp,0.600368493004,0.194369040022,0.933416879680,referenced_season_posterior,posterior_cell,false
2017,Fly,fielders_choice,Fly,0.499114348288,0.104033601772,0.907403035753,referenced_season_posterior,posterior_cell,false
2017,Fly,fielders_choice,LineDrive,0.250729351746,0.008888331365,0.710535016381,referenced_season_posterior,posterior_cell,false
2017,Fly,fielders_choice,PopUp,0.250156299966,0.007580316210,0.701834318448,referenced_season_posterior,posterior_cell,false
2017,Fly,hit,Fly,0.582573212525,0.571736789767,0.593017478964,referenced_season_posterior,posterior_cell,false
2017,Fly,hit,LineDrive,0.405642320025,0.395124012324,0.416501035691,referenced_season_posterior,posterior_cell,false
2017,Fly,hit,PopUp,0.011784467450,0.009633294888,0.014168916596,referenced_season_posterior,posterior_cell,false
2017,Fly,out_in_play,Fly,0.585834733786,0.579631329456,0.592120731096,referenced_season_posterior,posterior_cell,false
2017,Fly,out_in_play,LineDrive,0.102222323454,0.098332754179,0.106168855058,referenced_season_posterior,posterior_cell,false
2017,Fly,out_in_play,PopUp,0.311942942760,0.306114714083,0.317953173223,referenced_season_posterior,posterior_cell,false
2017,Fly,reached_on_error,Fly,0.541691452908,0.474342456357,0.608407925822,referenced_season_posterior,posterior_cell,false
2017,Fly,reached_on_error,LineDrive,0.118742003577,0.077259737817,0.165386823551,referenced_season_posterior,posterior_cell,false
2017,Fly,reached_on_error,PopUp,0.339566543515,0.277115203621,0.406125086276,referenced_season_posterior,posterior_cell,false
2017,Fly,sacrifice,Fly,0.800758067311,0.776235274826,0.822545983014,referenced_season_posterior,posterior_cell,false
2017,Fly,sacrifice,LineDrive,0.169937557426,0.149557434358,0.192653381332,referenced_season_posterior,posterior_cell,false
2017,Fly,sacrifice,PopUp,0.029304375264,0.020502554591,0.039739817021,referenced_season_posterior,posterior_cell,false
2017,LineDrive,fielders_choice,Fly,0.335270758669,0.013574962863,0.838559488648,referenced_season_posterior,prior_only_cell,false
2017,LineDrive,fielders_choice,LineDrive,0.332507449344,0.013480783158,0.834073923501,referenced_season_posterior,prior_only_cell,false
2017,LineDrive,fielders_choice,PopUp,0.332221791987,0.011105722709,0.835031877018,referenced_season_posterior,prior_only_cell,false
2017,LineDrive,hit,Fly,0.028327547361,0.025231118024,0.031518665410,referenced_season_posterior,posterior_cell,false
2017,LineDrive,hit,LineDrive,0.971647593858,0.968474743596,0.974751626374,referenced_season_posterior,posterior_cell,false
2017,LineDrive,hit,PopUp,0.000024858781,0.000000000000,0.000172718785,referenced_season_posterior,posterior_cell,false
2017,LineDrive,out_in_play,Fly,0.058418862333,0.052103678490,0.065149665154,referenced_season_posterior,posterior_cell,false
2017,LineDrive,out_in_play,LineDrive,0.939614801076,0.932604490617,0.946078643828,referenced_season_posterior,posterior_cell,false
2017,LineDrive,out_in_play,PopUp,0.001966336590,0.000944643110,0.003377354695,referenced_season_posterior,posterior_cell,false
2017,LineDrive,reached_on_error,Fly,0.060191913779,0.016290035609,0.126829251385,referenced_season_posterior,posterior_cell,false
2017,LineDrive,reached_on_error,LineDrive,0.925067378612,0.850464150479,0.975989681482,referenced_season_posterior,posterior_cell,false
2017,LineDrive,reached_on_error,PopUp,0.014740707609,0.000112308861,0.056510691671,referenced_season_posterior,posterior_cell,false
2017,LineDrive,sacrifice,Fly,0.027953544129,0.012241658641,0.048090290569,referenced_season_posterior,posterior_cell,false
2017,LineDrive,sacrifice,LineDrive,0.969661244978,0.948856263687,0.986401135416,referenced_season_posterior,posterior_cell,false
2017,LineDrive,sacrifice,PopUp,0.002385210893,0.000000010029,0.009716464396,referenced_season_posterior,posterior_cell,false
2017,PopUp,fielders_choice,Fly,0.333796466349,0.012410657295,0.833385684427,referenced_season_posterior,prior_only_cell,false
2017,PopUp,fielders_choice,LineDrive,0.333747834626,0.013833514902,0.844216623535,referenced_season_posterior,prior_only_cell,false
2017,PopUp,fielders_choice,PopUp,0.332455699025,0.011518503630,0.844292918482,referenced_season_posterior,prior_only_cell,false
2017,PopUp,hit,Fly,0.528670753268,0.296757667230,0.754350379045,referenced_season_posterior,posterior_cell,false
2017,PopUp,hit,LineDrive,0.058034544735,0.001313773065,0.201759322986,referenced_season_posterior,posterior_cell,false
2017,PopUp,hit,PopUp,0.413294701997,0.197839687793,0.646894518390,referenced_season_posterior,posterior_cell,false
2017,PopUp,out_in_play,Fly,0.036259750282,0.022017695834,0.052559264485,referenced_season_posterior,posterior_cell,false
2017,PopUp,out_in_play,LineDrive,0.000800977770,0.000000000000,0.003802863631,referenced_season_posterior,posterior_cell,false
2017,PopUp,out_in_play,PopUp,0.962939271947,0.946527060623,0.977112561507,referenced_season_posterior,posterior_cell,false
2017,PopUp,reached_on_error,Fly,0.201399703944,0.006457898342,0.603894552333,referenced_season_posterior,posterior_cell,false
2017,PopUp,reached_on_error,LineDrive,0.196142298994,0.005920825240,0.588265025250,referenced_season_posterior,posterior_cell,false
2017,PopUp,reached_on_error,PopUp,0.602457997062,0.189261193049,0.935673743547,referenced_season_posterior,posterior_cell,false
2017,PopUp,sacrifice,Fly,0.195801557088,0.006018454794,0.602335768391,referenced_season_posterior,posterior_cell,false
2017,PopUp,sacrifice,LineDrive,0.201816616106,0.005597808091,0.612291046851,referenced_season_posterior,posterior_cell,false
2017,PopUp,sacrifice,PopUp,0.602381826806,0.196189305412,0.936080516907,referenced_season_posterior,posterior_cell,false
2018,Fly,fielders_choice,Fly,0.506089403926,0.096374432815,0.911397760270,referenced_season_posterior,posterior_cell,false
2018,Fly,fielders_choice,LineDrive,0.243454289936,0.008467013104,0.710110192332,referenced_season_posterior,posterior_cell,false
2018,Fly,fielders_choice,PopUp,0.250456306138,0.007987132807,0.691695948698,referenced_season_posterior,posterior_cell,false
2018,Fly,hit,Fly,0.602577354576,0.591149592242,0.614110803869,referenced_season_posterior,posterior_cell,false
2018,Fly,hit,LineDrive,0.385809110747,0.374544355998,0.397108855137,referenced_season_posterior,posterior_cell,false
2018,Fly,hit,PopUp,0.011613534677,0.009337608351,0.014100704620,referenced_season_posterior,posterior_cell,false
2018,Fly,out_in_play,Fly,0.595698864512,0.589424656418,0.602199217435,referenced_season_posterior,posterior_cell,false
2018,Fly,out_in_play,LineDrive,0.093958386915,0.090122663088,0.097767366508,referenced_season_posterior,posterior_cell,false
2018,Fly,out_in_play,PopUp,0.310342748573,0.304245240200,0.316515197448,referenced_season_posterior,posterior_cell,false
2018,Fly,reached_on_error,Fly,0.539506885922,0.467628513844,0.607098829739,referenced_season_posterior,posterior_cell,false
2018,Fly,reached_on_error,LineDrive,0.120195772653,0.079849964391,0.166430225107,referenced_season_posterior,posterior_cell,false
2018,Fly,reached_on_error,PopUp,0.340297341425,0.277465957290,0.408912694100,referenced_season_posterior,posterior_cell,false
2018,Fly,sacrifice,Fly,0.818801806789,0.795672420563,0.841556798988,referenced_season_posterior,posterior_cell,false
2018,Fly,sacrifice,LineDrive,0.155552748440,0.134116844062,0.177089727284,referenced_season_posterior,posterior_cell,false
2018,Fly,sacrifice,PopUp,0.025645444772,0.017391845253,0.035061396313,referenced_season_posterior,posterior_cell,false
2018,LineDrive,fielders_choice,Fly,0.327318486186,0.012894676310,0.839586507522,referenced_season_posterior,prior_only_cell,false
2018,LineDrive,fielders_choice,LineDrive,0.334697488806,0.010872689097,0.845258017486,referenced_season_posterior,prior_only_cell,false
2018,LineDrive,fielders_choice,PopUp,0.337984025007,0.013909035393,0.843867799989,referenced_season_posterior,prior_only_cell,false
2018,LineDrive,hit,Fly,0.037706656724,0.034208153597,0.041368856637,referenced_season_posterior,posterior_cell,false
2018,LineDrive,hit,LineDrive,0.962267106667,0.958608616631,0.965770248347,referenced_season_posterior,posterior_cell,false
2018,LineDrive,hit,PopUp,0.000026236609,0.000000000000,0.000176321198,referenced_season_posterior,posterior_cell,false
2018,LineDrive,out_in_play,Fly,0.068774537046,0.062174613058,0.075847101904,referenced_season_posterior,posterior_cell,false
2018,LineDrive,out_in_play,LineDrive,0.929207046786,0.921999786745,0.935908131994,referenced_season_posterior,posterior_cell,false
2018,LineDrive,out_in_play,PopUp,0.002018416168,0.000985223824,0.003401167650,referenced_season_posterior,posterior_cell,false
2018,LineDrive,reached_on_error,Fly,0.058256991925,0.016036800892,0.126728705167,referenced_season_posterior,posterior_cell,false
2018,LineDrive,reached_on_error,LineDrive,0.927031024885,0.851564854477,0.976955368881,referenced_season_posterior,posterior_cell,false
2018,LineDrive,reached_on_error,PopUp,0.014711983190,0.000059817106,0.054252697154,referenced_season_posterior,posterior_cell,false
2018,LineDrive,sacrifice,Fly,0.031229154069,0.015960913948,0.050540948063,referenced_season_posterior,posterior_cell,false
2018,LineDrive,sacrifice,LineDrive,0.966452926315,0.946074822796,0.982366082094,referenced_season_posterior,posterior_cell,false
2018,LineDrive,sacrifice,PopUp,0.002317919617,0.000000011077,0.009288917822,referenced_season_posterior,posterior_cell,false
2018,PopUp,fielders_choice,Fly,0.334605759455,0.012566115756,0.839416345162,referenced_season_posterior,prior_only_cell,false
2018,PopUp,fielders_choice,LineDrive,0.328514654083,0.012015670495,0.824910207875,referenced_season_posterior,prior_only_cell,false
2018,PopUp,fielders_choice,PopUp,0.336879586462,0.013489010302,0.842384505169,referenced_season_posterior,prior_only_cell,false
2018,PopUp,hit,Fly,0.527813415244,0.296070098539,0.746169174770,referenced_season_posterior,posterior_cell,false
2018,PopUp,hit,LineDrive,0.058128060916,0.001470955782,0.209783325747,referenced_season_posterior,posterior_cell,false
2018,PopUp,hit,PopUp,0.414058523841,0.206111075221,0.645073609053,referenced_season_posterior,posterior_cell,false
2018,PopUp,out_in_play,Fly,0.036971233872,0.023286208957,0.052633246738,referenced_season_posterior,posterior_cell,false
2018,PopUp,out_in_play,LineDrive,0.000810882837,0.000000000000,0.003947106000,referenced_season_posterior,posterior_cell,false
2018,PopUp,out_in_play,PopUp,0.962217883291,0.946344673744,0.976091714355,referenced_season_posterior,posterior_cell,false
2018,PopUp,reached_on_error,Fly,0.197444395959,0.005784265004,0.602604300106,referenced_season_posterior,posterior_cell,false
2018,PopUp,reached_on_error,LineDrive,0.199615456314,0.005293813843,0.596999730263,referenced_season_posterior,posterior_cell,false
2018,PopUp,reached_on_error,PopUp,0.602940147727,0.197477772003,0.932549729465,referenced_season_posterior,posterior_cell,false
2018,PopUp,sacrifice,Fly,0.202167865535,0.006269311199,0.612369249183,referenced_season_posterior,posterior_cell,false
2018,PopUp,sacrifice,LineDrive,0.200336860579,0.004905270684,0.601471126428,referenced_season_posterior,posterior_cell,false
2018,PopUp,sacrifice,PopUp,0.597495273886,0.192753080426,0.929172214697,referenced_season_posterior,posterior_cell,false
2019,Fly,fielders_choice,Fly,0.496118535860,0.094589465211,0.907970591818,referenced_season_posterior,posterior_cell,false
2019,Fly,fielders_choice,LineDrive,0.251714049998,0.007302820322,0.711350483209,referenced_season_posterior,posterior_cell,false
2019,Fly,fielders_choice,PopUp,0.252167414142,0.009366090933,0.714664687224,referenced_season_posterior,posterior_cell,false
2019,Fly,hit,Fly,0.586952937081,0.560691959836,0.613005436870,referenced_season_posterior,posterior_cell,false
2019,Fly,hit,LineDrive,0.398850884863,0.372511065482,0.424721255871,referenced_season_posterior,posterior_cell,false
2019,Fly,hit,PopUp,0.014196178056,0.008768929894,0.021597067140,referenced_season_posterior,posterior_cell,false
2019,Fly,out_in_play,Fly,0.597917447091,0.576942271803,0.618483358273,referenced_season_posterior,posterior_cell,false
2019,Fly,out_in_play,LineDrive,0.102721441605,0.090613448109,0.115495532322,referenced_season_posterior,posterior_cell,false
2019,Fly,out_in_play,PopUp,0.299361111304,0.280712625595,0.318551311899,referenced_season_posterior,posterior_cell,false
2019,Fly,reached_on_error,Fly,0.539891184693,0.468859032740,0.611491548114,referenced_season_posterior,posterior_cell,false
2019,Fly,reached_on_error,LineDrive,0.119718845756,0.076738830356,0.169719648693,referenced_season_posterior,posterior_cell,false
2019,Fly,reached_on_error,PopUp,0.340389969551,0.275991012501,0.407105844728,referenced_season_posterior,posterior_cell,false
2019,Fly,sacrifice,Fly,0.807718538018,0.776766192310,0.837414638084,referenced_season_posterior,posterior_cell,false
2019,Fly,sacrifice,LineDrive,0.165812198795,0.137705076580,0.195073692848,referenced_season_posterior,posterior_cell,false
2019,Fly,sacrifice,PopUp,0.026469263188,0.015274672618,0.039994276746,referenced_season_posterior,posterior_cell,false
2019,LineDrive,fielders_choice,Fly,0.332351821920,0.011440924363,0.835274944846,referenced_season_posterior,prior_only_cell,false
2019,LineDrive,fielders_choice,LineDrive,0.339286911838,0.012057846092,0.850903494764,referenced_season_posterior,prior_only_cell,false
2019,LineDrive,fielders_choice,PopUp,0.328361266242,0.011682404947,0.833732185210,referenced_season_posterior,prior_only_cell,false
2019,LineDrive,hit,Fly,0.033789266698,0.025451646024,0.043914851878,referenced_season_posterior,posterior_cell,false
2019,LineDrive,hit,LineDrive,0.966050928169,0.955950188947,0.974380957559,referenced_season_posterior,posterior_cell,false
2019,LineDrive,hit,PopUp,0.000159805133,0.000000000000,0.001114978105,referenced_season_posterior,posterior_cell,false
2019,LineDrive,out_in_play,Fly,0.065694149097,0.052743343730,0.081851128353,referenced_season_posterior,posterior_cell,false
2019,LineDrive,out_in_play,LineDrive,0.932619596822,0.916271864191,0.945831974764,referenced_season_posterior,posterior_cell,false
2019,LineDrive,out_in_play,PopUp,0.001686254080,0.000128214339,0.004710478348,referenced_season_posterior,posterior_cell,false
2019,LineDrive,reached_on_error,Fly,0.058436907577,0.016047274029,0.127746696484,referenced_season_posterior,posterior_cell,false
2019,LineDrive,reached_on_error,LineDrive,0.927020680419,0.851832052929,0.976355245565,referenced_season_posterior,posterior_cell,false
2019,LineDrive,reached_on_error,PopUp,0.014542412004,0.000102604714,0.054103388501,referenced_season_posterior,posterior_cell,false
2019,LineDrive,sacrifice,Fly,0.029441536963,0.012501958726,0.052144587484,referenced_season_posterior,posterior_cell,false
2019,LineDrive,sacrifice,LineDrive,0.968009444157,0.944297574958,0.985665792799,referenced_season_posterior,posterior_cell,false
2019,LineDrive,sacrifice,PopUp,0.002549018880,0.000000023895,0.010250308973,referenced_season_posterior,posterior_cell,false
2019,PopUp,fielders_choice,Fly,0.332420626706,0.011733407423,0.840122031697,referenced_season_posterior,prior_only_cell,false
2019,PopUp,fielders_choice,LineDrive,0.335198185843,0.009861604026,0.836084304075,referenced_season_posterior,prior_only_cell,false
2019,PopUp,fielders_choice,PopUp,0.332381187451,0.015193651654,0.835194739814,referenced_season_posterior,prior_only_cell,false
2019,PopUp,hit,Fly,0.530481143409,0.295089120237,0.761295825479,referenced_season_posterior,posterior_cell,false
2019,PopUp,hit,LineDrive,0.058338735231,0.001049582459,0.209112625314,referenced_season_posterior,posterior_cell,false
2019,PopUp,hit,PopUp,0.411180121361,0.191067407877,0.652827277514,referenced_season_posterior,posterior_cell,false
2019,PopUp,out_in_play,Fly,0.036901165621,0.022009748713,0.053065513876,referenced_season_posterior,posterior_cell,false
2019,PopUp,out_in_play,LineDrive,0.000870207878,0.000000000000,0.004249981645,referenced_season_posterior,posterior_cell,false
2019,PopUp,out_in_play,PopUp,0.962228626501,0.945874853662,0.977359871213,referenced_season_posterior,posterior_cell,false
2019,PopUp,reached_on_error,Fly,0.197973175713,0.005888076314,0.594933071525,referenced_season_posterior,posterior_cell,false
2019,PopUp,reached_on_error,LineDrive,0.200864597369,0.005675778342,0.600617863673,referenced_season_posterior,posterior_cell,false
2019,PopUp,reached_on_error,PopUp,0.601162226918,0.197723530452,0.929957267452,referenced_season_posterior,posterior_cell,false
2019,PopUp,sacrifice,Fly,0.199974356081,0.006559011449,0.584570240539,referenced_season_posterior,posterior_cell,false
2019,PopUp,sacrifice,LineDrive,0.200972265620,0.005478176288,0.603115974728,referenced_season_posterior,posterior_cell,false
2019,PopUp,sacrifice,PopUp,0.599053378298,0.198145109803,0.932563826553,referenced_season_posterior,posterior_cell,false
2020,Fly,fielders_choice,Fly,0.335736119759,0.010995758478,0.856489306805,pipeline_new_season_predictive,prior_only_cell,false
2020,Fly,fielders_choice,LineDrive,0.337345416900,0.008888850634,0.850446858283,pipeline_new_season_predictive,prior_only_cell,false
2020,Fly,fielders_choice,PopUp,0.326918463341,0.011876895115,0.848582765934,pipeline_new_season_predictive,prior_only_cell,false
2020,Fly,hit,Fly,0.754650712309,0.703165548575,0.801510674211,pipeline_new_season_predictive,posterior_cell,false
2020,Fly,hit,LineDrive,0.227838850395,0.177065898875,0.277847663114,pipeline_new_season_predictive,posterior_cell,false
2020,Fly,hit,PopUp,0.017510437296,0.005371332368,0.038461982583,pipeline_new_season_predictive,posterior_cell,false
2020,Fly,out_in_play,Fly,0.802388412208,0.752825239479,0.838856473150,pipeline_new_season_predictive,posterior_cell,false
2020,Fly,out_in_play,LineDrive,0.052715777568,0.032362932725,0.081460651997,pipeline_new_season_predictive,posterior_cell,false
2020,Fly,out_in_play,PopUp,0.144895810224,0.110659781398,0.185818926236,pipeline_new_season_predictive,posterior_cell,false
2020,Fly,reached_on_error,Fly,0.333617607887,0.011485095748,0.831774411088,pipeline_new_season_predictive,prior_only_cell,false
2020,Fly,reached_on_error,LineDrive,0.327175743207,0.011591223613,0.834786486513,pipeline_new_season_predictive,prior_only_cell,false
2020,Fly,reached_on_error,PopUp,0.339206648905,0.012436318508,0.841021744331,pipeline_new_season_predictive,prior_only_cell,false
2020,Fly,sacrifice,Fly,0.899509020050,0.806281084858,0.965365001115,pipeline_new_season_predictive,posterior_cell,false
2020,Fly,sacrifice,LineDrive,0.050635983895,0.009324773759,0.120885901460,pipeline_new_season_predictive,posterior_cell,false
2020,Fly,sacrifice,PopUp,0.049854996054,0.008718047298,0.117673681870,pipeline_new_season_predictive,posterior_cell,false
2020,LineDrive,fielders_choice,Fly,0.341557292055,0.009777230321,0.846807410145,pipeline_new_season_predictive,prior_only_cell,false
2020,LineDrive,fielders_choice,LineDrive,0.331291073269,0.011706933431,0.844451611963,pipeline_new_season_predictive,prior_only_cell,false
2020,LineDrive,fielders_choice,PopUp,0.327151634676,0.011942053482,0.841874406339,pipeline_new_season_predictive,prior_only_cell,false
2020,LineDrive,hit,Fly,0.020899285106,0.008221882130,0.040915061520,pipeline_new_season_predictive,posterior_cell,false
2020,LineDrive,hit,LineDrive,0.977851690209,0.956695366407,0.990740350886,pipeline_new_season_predictive,posterior_cell,false
2020,LineDrive,hit,PopUp,0.001249024685,0.000000000000,0.005458039051,pipeline_new_season_predictive,posterior_cell,false
2020,LineDrive,out_in_play,Fly,0.102113805284,0.069673523240,0.140801149950,pipeline_new_season_predictive,posterior_cell,false
2020,LineDrive,out_in_play,LineDrive,0.896010999535,0.855254753411,0.929199235180,pipeline_new_season_predictive,posterior_cell,false
2020,LineDrive,out_in_play,PopUp,0.001875195182,0.000000000059,0.008073214670,pipeline_new_season_predictive,posterior_cell,false
2020,LineDrive,reached_on_error,Fly,0.165849443985,0.004453233157,0.519043608465,pipeline_new_season_predictive,posterior_cell,false
2020,LineDrive,reached_on_error,LineDrive,0.665497207993,0.285689281730,0.947408135549,pipeline_new_season_predictive,posterior_cell,false
2020,LineDrive,reached_on_error,PopUp,0.168653348022,0.004412187418,0.513039820658,pipeline_new_season_predictive,posterior_cell,false
2020,LineDrive,sacrifice,Fly,0.160607475291,0.045537957082,0.330430273955,pipeline_new_season_predictive,posterior_cell,false
2020,LineDrive,sacrifice,LineDrive,0.799634552162,0.615248160294,0.931994605021,pipeline_new_season_predictive,posterior_cell,false
2020,LineDrive,sacrifice,PopUp,0.039757972547,0.000382257237,0.146075071413,pipeline_new_season_predictive,posterior_cell,false
2020,PopUp,fielders_choice,Fly,0.330356362714,0.013124022866,0.843493948751,pipeline_new_season_predictive,prior_only_cell,false
2020,PopUp,fielders_choice,LineDrive,0.335900658200,0.011624717133,0.834729662102,pipeline_new_season_predictive,prior_only_cell,false
2020,PopUp,fielders_choice,PopUp,0.333742979086,0.009597671234,0.831970424492,pipeline_new_season_predictive,prior_only_cell,false
2020,PopUp,hit,Fly,0.444108726767,0.158590549314,0.761576496943,pipeline_new_season_predictive,posterior_cell,false
2020,PopUp,hit,LineDrive,0.111301049988,0.002138494617,0.373462925254,pipeline_new_season_predictive,posterior_cell,false
2020,PopUp,hit,PopUp,0.444590223245,0.147224144300,0.768962015965,pipeline_new_season_predictive,posterior_cell,false
2020,PopUp,out_in_play,Fly,0.097870399758,0.064072130152,0.136046920836,pipeline_new_season_predictive,posterior_cell,false
2020,PopUp,out_in_play,LineDrive,0.001828043503,0.000000000006,0.008428446214,pipeline_new_season_predictive,posterior_cell,false
2020,PopUp,out_in_play,PopUp,0.900301556739,0.860977783429,0.933893808168,pipeline_new_season_predictive,posterior_cell,false
2020,PopUp,reached_on_error,Fly,0.167743036492,0.004616405646,0.538165779352,pipeline_new_season_predictive,posterior_cell,false
2020,PopUp,reached_on_error,LineDrive,0.168523302050,0.003967318082,0.522494776559,pipeline_new_season_predictive,posterior_cell,false
2020,PopUp,reached_on_error,PopUp,0.663733661459,0.280075655138,0.942980293073,pipeline_new_season_predictive,posterior_cell,false
2020,PopUp,sacrifice,Fly,0.340497026850,0.012178856219,0.861811165248,pipeline_new_season_predictive,prior_only_cell,false
2020,PopUp,sacrifice,LineDrive,0.333327624366,0.013917439264,0.842837144374,pipeline_new_season_predictive,prior_only_cell,false
2020,PopUp,sacrifice,PopUp,0.326175348784,0.012300752030,0.837138078416,pipeline_new_season_predictive,prior_only_cell,false
2021,Fly,fielders_choice,Fly,0.335736119759,0.010995758478,0.856489306805,pipeline_new_season_predictive,prior_only_cell,false
2021,Fly,fielders_choice,LineDrive,0.337345416900,0.008888850634,0.850446858283,pipeline_new_season_predictive,prior_only_cell,false
2021,Fly,fielders_choice,PopUp,0.326918463341,0.011876895115,0.848582765934,pipeline_new_season_predictive,prior_only_cell,false
2021,Fly,hit,Fly,0.754650712309,0.703165548575,0.801510674211,pipeline_new_season_predictive,posterior_cell,false
2021,Fly,hit,LineDrive,0.227838850395,0.177065898875,0.277847663114,pipeline_new_season_predictive,posterior_cell,false
2021,Fly,hit,PopUp,0.017510437296,0.005371332368,0.038461982583,pipeline_new_season_predictive,posterior_cell,false
2021,Fly,out_in_play,Fly,0.802388412208,0.752825239479,0.838856473150,pipeline_new_season_predictive,posterior_cell,false
2021,Fly,out_in_play,LineDrive,0.052715777568,0.032362932725,0.081460651997,pipeline_new_season_predictive,posterior_cell,false
2021,Fly,out_in_play,PopUp,0.144895810224,0.110659781398,0.185818926236,pipeline_new_season_predictive,posterior_cell,false
2021,Fly,reached_on_error,Fly,0.333617607887,0.011485095748,0.831774411088,pipeline_new_season_predictive,prior_only_cell,false
2021,Fly,reached_on_error,LineDrive,0.327175743207,0.011591223613,0.834786486513,pipeline_new_season_predictive,prior_only_cell,false
2021,Fly,reached_on_error,PopUp,0.339206648905,0.012436318508,0.841021744331,pipeline_new_season_predictive,prior_only_cell,false
2021,Fly,sacrifice,Fly,0.899509020050,0.806281084858,0.965365001115,pipeline_new_season_predictive,posterior_cell,false
2021,Fly,sacrifice,LineDrive,0.050635983895,0.009324773759,0.120885901460,pipeline_new_season_predictive,posterior_cell,false
2021,Fly,sacrifice,PopUp,0.049854996054,0.008718047298,0.117673681870,pipeline_new_season_predictive,posterior_cell,false
2021,LineDrive,fielders_choice,Fly,0.341557292055,0.009777230321,0.846807410145,pipeline_new_season_predictive,prior_only_cell,false
2021,LineDrive,fielders_choice,LineDrive,0.331291073269,0.011706933431,0.844451611963,pipeline_new_season_predictive,prior_only_cell,false
2021,LineDrive,fielders_choice,PopUp,0.327151634676,0.011942053482,0.841874406339,pipeline_new_season_predictive,prior_only_cell,false
2021,LineDrive,hit,Fly,0.020899285106,0.008221882130,0.040915061520,pipeline_new_season_predictive,posterior_cell,false
2021,LineDrive,hit,LineDrive,0.977851690209,0.956695366407,0.990740350886,pipeline_new_season_predictive,posterior_cell,false
2021,LineDrive,hit,PopUp,0.001249024685,0.000000000000,0.005458039051,pipeline_new_season_predictive,posterior_cell,false
2021,LineDrive,out_in_play,Fly,0.102113805284,0.069673523240,0.140801149950,pipeline_new_season_predictive,posterior_cell,false
2021,LineDrive,out_in_play,LineDrive,0.896010999535,0.855254753411,0.929199235180,pipeline_new_season_predictive,posterior_cell,false
2021,LineDrive,out_in_play,PopUp,0.001875195182,0.000000000059,0.008073214670,pipeline_new_season_predictive,posterior_cell,false
2021,LineDrive,reached_on_error,Fly,0.165849443985,0.004453233157,0.519043608465,pipeline_new_season_predictive,posterior_cell,false
2021,LineDrive,reached_on_error,LineDrive,0.665497207993,0.285689281730,0.947408135549,pipeline_new_season_predictive,posterior_cell,false
2021,LineDrive,reached_on_error,PopUp,0.168653348022,0.004412187418,0.513039820658,pipeline_new_season_predictive,posterior_cell,false
2021,LineDrive,sacrifice,Fly,0.160607475291,0.045537957082,0.330430273955,pipeline_new_season_predictive,posterior_cell,false
2021,LineDrive,sacrifice,LineDrive,0.799634552162,0.615248160294,0.931994605021,pipeline_new_season_predictive,posterior_cell,false
2021,LineDrive,sacrifice,PopUp,0.039757972547,0.000382257237,0.146075071413,pipeline_new_season_predictive,posterior_cell,false
2021,PopUp,fielders_choice,Fly,0.330356362714,0.013124022866,0.843493948751,pipeline_new_season_predictive,prior_only_cell,false
2021,PopUp,fielders_choice,LineDrive,0.335900658200,0.011624717133,0.834729662102,pipeline_new_season_predictive,prior_only_cell,false
2021,PopUp,fielders_choice,PopUp,0.333742979086,0.009597671234,0.831970424492,pipeline_new_season_predictive,prior_only_cell,false
2021,PopUp,hit,Fly,0.444108726767,0.158590549314,0.761576496943,pipeline_new_season_predictive,posterior_cell,false
2021,PopUp,hit,LineDrive,0.111301049988,0.002138494617,0.373462925254,pipeline_new_season_predictive,posterior_cell,false
2021,PopUp,hit,PopUp,0.444590223245,0.147224144300,0.768962015965,pipeline_new_season_predictive,posterior_cell,false
2021,PopUp,out_in_play,Fly,0.097870399758,0.064072130152,0.136046920836,pipeline_new_season_predictive,posterior_cell,false
2021,PopUp,out_in_play,LineDrive,0.001828043503,0.000000000006,0.008428446214,pipeline_new_season_predictive,posterior_cell,false
2021,PopUp,out_in_play,PopUp,0.900301556739,0.860977783429,0.933893808168,pipeline_new_season_predictive,posterior_cell,false
2021,PopUp,reached_on_error,Fly,0.167743036492,0.004616405646,0.538165779352,pipeline_new_season_predictive,posterior_cell,false
2021,PopUp,reached_on_error,LineDrive,0.168523302050,0.003967318082,0.522494776559,pipeline_new_season_predictive,posterior_cell,false
2021,PopUp,reached_on_error,PopUp,0.663733661459,0.280075655138,0.942980293073,pipeline_new_season_predictive,posterior_cell,false
2021,PopUp,sacrifice,Fly,0.340497026850,0.012178856219,0.861811165248,pipeline_new_season_predictive,prior_only_cell,false
2021,PopUp,sacrifice,LineDrive,0.333327624366,0.013917439264,0.842837144374,pipeline_new_season_predictive,prior_only_cell,false
2021,PopUp,sacrifice,PopUp,0.326175348784,0.012300752030,0.837138078416,pipeline_new_season_predictive,prior_only_cell,false
2022,Fly,fielders_choice,Fly,0.335736119759,0.010995758478,0.856489306805,pipeline_new_season_predictive,prior_only_cell,false
2022,Fly,fielders_choice,LineDrive,0.337345416900,0.008888850634,0.850446858283,pipeline_new_season_predictive,prior_only_cell,false
2022,Fly,fielders_choice,PopUp,0.326918463341,0.011876895115,0.848582765934,pipeline_new_season_predictive,prior_only_cell,false
2022,Fly,hit,Fly,0.754650712309,0.703165548575,0.801510674211,pipeline_new_season_predictive,posterior_cell,false
2022,Fly,hit,LineDrive,0.227838850395,0.177065898875,0.277847663114,pipeline_new_season_predictive,posterior_cell,false
2022,Fly,hit,PopUp,0.017510437296,0.005371332368,0.038461982583,pipeline_new_season_predictive,posterior_cell,false
2022,Fly,out_in_play,Fly,0.802388412208,0.752825239479,0.838856473150,pipeline_new_season_predictive,posterior_cell,false
2022,Fly,out_in_play,LineDrive,0.052715777568,0.032362932725,0.081460651997,pipeline_new_season_predictive,posterior_cell,false
2022,Fly,out_in_play,PopUp,0.144895810224,0.110659781398,0.185818926236,pipeline_new_season_predictive,posterior_cell,false
2022,Fly,reached_on_error,Fly,0.333617607887,0.011485095748,0.831774411088,pipeline_new_season_predictive,prior_only_cell,false
2022,Fly,reached_on_error,LineDrive,0.327175743207,0.011591223613,0.834786486513,pipeline_new_season_predictive,prior_only_cell,false
2022,Fly,reached_on_error,PopUp,0.339206648905,0.012436318508,0.841021744331,pipeline_new_season_predictive,prior_only_cell,false
2022,Fly,sacrifice,Fly,0.899509020050,0.806281084858,0.965365001115,pipeline_new_season_predictive,posterior_cell,false
2022,Fly,sacrifice,LineDrive,0.050635983895,0.009324773759,0.120885901460,pipeline_new_season_predictive,posterior_cell,false
2022,Fly,sacrifice,PopUp,0.049854996054,0.008718047298,0.117673681870,pipeline_new_season_predictive,posterior_cell,false
2022,LineDrive,fielders_choice,Fly,0.341557292055,0.009777230321,0.846807410145,pipeline_new_season_predictive,prior_only_cell,false
2022,LineDrive,fielders_choice,LineDrive,0.331291073269,0.011706933431,0.844451611963,pipeline_new_season_predictive,prior_only_cell,false
2022,LineDrive,fielders_choice,PopUp,0.327151634676,0.011942053482,0.841874406339,pipeline_new_season_predictive,prior_only_cell,false
2022,LineDrive,hit,Fly,0.020899285106,0.008221882130,0.040915061520,pipeline_new_season_predictive,posterior_cell,false
2022,LineDrive,hit,LineDrive,0.977851690209,0.956695366407,0.990740350886,pipeline_new_season_predictive,posterior_cell,false
2022,LineDrive,hit,PopUp,0.001249024685,0.000000000000,0.005458039051,pipeline_new_season_predictive,posterior_cell,false
2022,LineDrive,out_in_play,Fly,0.102113805284,0.069673523240,0.140801149950,pipeline_new_season_predictive,posterior_cell,false
2022,LineDrive,out_in_play,LineDrive,0.896010999535,0.855254753411,0.929199235180,pipeline_new_season_predictive,posterior_cell,false
2022,LineDrive,out_in_play,PopUp,0.001875195182,0.000000000059,0.008073214670,pipeline_new_season_predictive,posterior_cell,false
2022,LineDrive,reached_on_error,Fly,0.165849443985,0.004453233157,0.519043608465,pipeline_new_season_predictive,posterior_cell,false
2022,LineDrive,reached_on_error,LineDrive,0.665497207993,0.285689281730,0.947408135549,pipeline_new_season_predictive,posterior_cell,false
2022,LineDrive,reached_on_error,PopUp,0.168653348022,0.004412187418,0.513039820658,pipeline_new_season_predictive,posterior_cell,false
2022,LineDrive,sacrifice,Fly,0.160607475291,0.045537957082,0.330430273955,pipeline_new_season_predictive,posterior_cell,false
2022,LineDrive,sacrifice,LineDrive,0.799634552162,0.615248160294,0.931994605021,pipeline_new_season_predictive,posterior_cell,false
2022,LineDrive,sacrifice,PopUp,0.039757972547,0.000382257237,0.146075071413,pipeline_new_season_predictive,posterior_cell,false
2022,PopUp,fielders_choice,Fly,0.330356362714,0.013124022866,0.843493948751,pipeline_new_season_predictive,prior_only_cell,false
2022,PopUp,fielders_choice,LineDrive,0.335900658200,0.011624717133,0.834729662102,pipeline_new_season_predictive,prior_only_cell,false
2022,PopUp,fielders_choice,PopUp,0.333742979086,0.009597671234,0.831970424492,pipeline_new_season_predictive,prior_only_cell,false
2022,PopUp,hit,Fly,0.444108726767,0.158590549314,0.761576496943,pipeline_new_season_predictive,posterior_cell,false
2022,PopUp,hit,LineDrive,0.111301049988,0.002138494617,0.373462925254,pipeline_new_season_predictive,posterior_cell,false
2022,PopUp,hit,PopUp,0.444590223245,0.147224144300,0.768962015965,pipeline_new_season_predictive,posterior_cell,false
2022,PopUp,out_in_play,Fly,0.097870399758,0.064072130152,0.136046920836,pipeline_new_season_predictive,posterior_cell,false
2022,PopUp,out_in_play,LineDrive,0.001828043503,0.000000000006,0.008428446214,pipeline_new_season_predictive,posterior_cell,false
2022,PopUp,out_in_play,PopUp,0.900301556739,0.860977783429,0.933893808168,pipeline_new_season_predictive,posterior_cell,false
2022,PopUp,reached_on_error,Fly,0.167743036492,0.004616405646,0.538165779352,pipeline_new_season_predictive,posterior_cell,false
2022,PopUp,reached_on_error,LineDrive,0.168523302050,0.003967318082,0.522494776559,pipeline_new_season_predictive,posterior_cell,false
2022,PopUp,reached_on_error,PopUp,0.663733661459,0.280075655138,0.942980293073,pipeline_new_season_predictive,posterior_cell,false
2022,PopUp,sacrifice,Fly,0.340497026850,0.012178856219,0.861811165248,pipeline_new_season_predictive,prior_only_cell,false
2022,PopUp,sacrifice,LineDrive,0.333327624366,0.013917439264,0.842837144374,pipeline_new_season_predictive,prior_only_cell,false
2022,PopUp,sacrifice,PopUp,0.326175348784,0.012300752030,0.837138078416,pipeline_new_season_predictive,prior_only_cell,false
2023,Fly,fielders_choice,Fly,0.333074078435,0.010140144063,0.849349632182,referenced_season_posterior,prior_only_cell,false
2023,Fly,fielders_choice,LineDrive,0.341860872664,0.012425807359,0.845954478805,referenced_season_posterior,prior_only_cell,false
2023,Fly,fielders_choice,PopUp,0.325065048901,0.010123443221,0.841418669711,referenced_season_posterior,prior_only_cell,false
2023,Fly,hit,Fly,0.759420400454,0.722244347814,0.796742832209,referenced_season_posterior,posterior_cell,false
2023,Fly,hit,LineDrive,0.224014808738,0.187155638386,0.259975697909,referenced_season_posterior,posterior_cell,false
2023,Fly,hit,PopUp,0.016564790808,0.007687550085,0.028713011170,referenced_season_posterior,posterior_cell,false
2023,Fly,out_in_play,Fly,0.804629589789,0.782145429633,0.826267769002,referenced_season_posterior,posterior_cell,false
2023,Fly,out_in_play,LineDrive,0.051696457948,0.040270523930,0.064690817002,referenced_season_posterior,posterior_cell,false
2023,Fly,out_in_play,PopUp,0.143673952263,0.124614439965,0.164077040294,referenced_season_posterior,posterior_cell,false
2023,Fly,reached_on_error,Fly,0.332540757795,0.013123154940,0.825292561574,referenced_season_posterior,prior_only_cell,false
2023,Fly,reached_on_error,LineDrive,0.334307280950,0.013990839797,0.846819524987,referenced_season_posterior,prior_only_cell,false
2023,Fly,reached_on_error,PopUp,0.333151961255,0.012678214630,0.837936480696,referenced_season_posterior,prior_only_cell,false
2023,Fly,sacrifice,Fly,0.899720891097,0.814662297881,0.962158347442,referenced_season_posterior,posterior_cell,false
2023,Fly,sacrifice,LineDrive,0.050027373728,0.010396960572,0.118354862977,referenced_season_posterior,posterior_cell,false
2023,Fly,sacrifice,PopUp,0.050251735176,0.010657650307,0.117184487940,referenced_season_posterior,posterior_cell,false
2023,LineDrive,fielders_choice,Fly,0.330816261185,0.011054757801,0.836872642885,referenced_season_posterior,prior_only_cell,false
2023,LineDrive,fielders_choice,LineDrive,0.333784736561,0.012856144750,0.835244429137,referenced_season_posterior,prior_only_cell,false
2023,LineDrive,fielders_choice,PopUp,0.335399002254,0.011455553472,0.844176629710,referenced_season_posterior,prior_only_cell,false
2023,LineDrive,hit,Fly,0.019182382055,0.011247316857,0.028712004210,referenced_season_posterior,posterior_cell,false
2023,LineDrive,hit,LineDrive,0.980152288306,0.970336143874,0.988359738594,referenced_season_posterior,posterior_cell,false
2023,LineDrive,hit,PopUp,0.000665329639,0.000000000000,0.003044948488,referenced_season_posterior,posterior_cell,false
2023,LineDrive,out_in_play,Fly,0.102636063194,0.078760853081,0.129331449334,referenced_season_posterior,posterior_cell,false
2023,LineDrive,out_in_play,LineDrive,0.896116314672,0.869563320742,0.920100423704,referenced_season_posterior,posterior_cell,false
2023,LineDrive,out_in_play,PopUp,0.001247622134,0.000000000027,0.005359708881,referenced_season_posterior,posterior_cell,false
2023,LineDrive,reached_on_error,Fly,0.165650677124,0.004877331459,0.528392438103,referenced_season_posterior,posterior_cell,false
2023,LineDrive,reached_on_error,LineDrive,0.669298642508,0.283919848696,0.949852557383,referenced_season_posterior,posterior_cell,false
2023,LineDrive,reached_on_error,PopUp,0.165050680367,0.004575803265,0.528484666432,referenced_season_posterior,posterior_cell,false
2023,LineDrive,sacrifice,Fly,0.160405668282,0.044043873435,0.323854638047,referenced_season_posterior,posterior_cell,false
2023,LineDrive,sacrifice,LineDrive,0.799220679827,0.619418986150,0.931190390054,referenced_season_posterior,posterior_cell,false
2023,LineDrive,sacrifice,PopUp,0.040373651891,0.000453708070,0.147553386608,referenced_season_posterior,posterior_cell,false
2023,PopUp,fielders_choice,Fly,0.334163775526,0.012250158065,0.842158369758,referenced_season_posterior,prior_only_cell,false
2023,PopUp,fielders_choice,LineDrive,0.333378245023,0.012822452673,0.847844351800,referenced_season_posterior,prior_only_cell,false
2023,PopUp,fielders_choice,PopUp,0.332457979452,0.011328101612,0.839190814886,referenced_season_posterior,prior_only_cell,false
2023,PopUp,hit,Fly,0.445061282466,0.155956996895,0.753263768962,referenced_season_posterior,posterior_cell,false
2023,PopUp,hit,LineDrive,0.112768694228,0.002151915334,0.372521674377,referenced_season_posterior,posterior_cell,false
2023,PopUp,hit,PopUp,0.442170023306,0.149825824601,0.757472755268,referenced_season_posterior,posterior_cell,false
2023,PopUp,out_in_play,Fly,0.094174337116,0.068505697240,0.120427441679,referenced_season_posterior,posterior_cell,false
2023,PopUp,out_in_play,LineDrive,0.001347549115,0.000000000007,0.005964426168,referenced_season_posterior,posterior_cell,false
2023,PopUp,out_in_play,PopUp,0.904478113769,0.877499174771,0.930542265385,referenced_season_posterior,posterior_cell,false
2023,PopUp,reached_on_error,Fly,0.164539228083,0.003891528658,0.526028661187,referenced_season_posterior,posterior_cell,false
2023,PopUp,reached_on_error,LineDrive,0.166496704925,0.003917976411,0.539233908942,referenced_season_posterior,posterior_cell,false
2023,PopUp,reached_on_error,PopUp,0.668964066992,0.267684031703,0.953017689554,referenced_season_posterior,posterior_cell,false
2023,PopUp,sacrifice,Fly,0.336339253268,0.013170726714,0.852218542709,referenced_season_posterior,prior_only_cell,false
2023,PopUp,sacrifice,LineDrive,0.332083973218,0.012817414833,0.836117490233,referenced_season_posterior,prior_only_cell,false
2023,PopUp,sacrifice,PopUp,0.331576773514,0.009849590217,0.829039701495,referenced_season_posterior,prior_only_cell,false
2024,Fly,fielders_choice,Fly,0.335736119759,0.010995758478,0.856489306805,pipeline_new_season_predictive,prior_only_cell,false
2024,Fly,fielders_choice,LineDrive,0.337345416900,0.008888850634,0.850446858283,pipeline_new_season_predictive,prior_only_cell,false
2024,Fly,fielders_choice,PopUp,0.326918463341,0.011876895115,0.848582765934,pipeline_new_season_predictive,prior_only_cell,false
2024,Fly,hit,Fly,0.754650712309,0.703165548575,0.801510674211,pipeline_new_season_predictive,posterior_cell,false
2024,Fly,hit,LineDrive,0.227838850395,0.177065898875,0.277847663114,pipeline_new_season_predictive,posterior_cell,false
2024,Fly,hit,PopUp,0.017510437296,0.005371332368,0.038461982583,pipeline_new_season_predictive,posterior_cell,false
2024,Fly,out_in_play,Fly,0.802388412208,0.752825239479,0.838856473150,pipeline_new_season_predictive,posterior_cell,false
2024,Fly,out_in_play,LineDrive,0.052715777568,0.032362932725,0.081460651997,pipeline_new_season_predictive,posterior_cell,false
2024,Fly,out_in_play,PopUp,0.144895810224,0.110659781398,0.185818926236,pipeline_new_season_predictive,posterior_cell,false
2024,Fly,reached_on_error,Fly,0.333617607887,0.011485095748,0.831774411088,pipeline_new_season_predictive,prior_only_cell,false
2024,Fly,reached_on_error,LineDrive,0.327175743207,0.011591223613,0.834786486513,pipeline_new_season_predictive,prior_only_cell,false
2024,Fly,reached_on_error,PopUp,0.339206648905,0.012436318508,0.841021744331,pipeline_new_season_predictive,prior_only_cell,false
2024,Fly,sacrifice,Fly,0.899509020050,0.806281084858,0.965365001115,pipeline_new_season_predictive,posterior_cell,false
2024,Fly,sacrifice,LineDrive,0.050635983895,0.009324773759,0.120885901460,pipeline_new_season_predictive,posterior_cell,false
2024,Fly,sacrifice,PopUp,0.049854996054,0.008718047298,0.117673681870,pipeline_new_season_predictive,posterior_cell,false
2024,LineDrive,fielders_choice,Fly,0.341557292055,0.009777230321,0.846807410145,pipeline_new_season_predictive,prior_only_cell,false
2024,LineDrive,fielders_choice,LineDrive,0.331291073269,0.011706933431,0.844451611963,pipeline_new_season_predictive,prior_only_cell,false
2024,LineDrive,fielders_choice,PopUp,0.327151634676,0.011942053482,0.841874406339,pipeline_new_season_predictive,prior_only_cell,false
2024,LineDrive,hit,Fly,0.020899285106,0.008221882130,0.040915061520,pipeline_new_season_predictive,posterior_cell,false
2024,LineDrive,hit,LineDrive,0.977851690209,0.956695366407,0.990740350886,pipeline_new_season_predictive,posterior_cell,false
2024,LineDrive,hit,PopUp,0.001249024685,0.000000000000,0.005458039051,pipeline_new_season_predictive,posterior_cell,false
2024,LineDrive,out_in_play,Fly,0.102113805284,0.069673523240,0.140801149950,pipeline_new_season_predictive,posterior_cell,false
2024,LineDrive,out_in_play,LineDrive,0.896010999535,0.855254753411,0.929199235180,pipeline_new_season_predictive,posterior_cell,false
2024,LineDrive,out_in_play,PopUp,0.001875195182,0.000000000059,0.008073214670,pipeline_new_season_predictive,posterior_cell,false
2024,LineDrive,reached_on_error,Fly,0.165849443985,0.004453233157,0.519043608465,pipeline_new_season_predictive,posterior_cell,false
2024,LineDrive,reached_on_error,LineDrive,0.665497207993,0.285689281730,0.947408135549,pipeline_new_season_predictive,posterior_cell,false
2024,LineDrive,reached_on_error,PopUp,0.168653348022,0.004412187418,0.513039820658,pipeline_new_season_predictive,posterior_cell,false
2024,LineDrive,sacrifice,Fly,0.160607475291,0.045537957082,0.330430273955,pipeline_new_season_predictive,posterior_cell,false
2024,LineDrive,sacrifice,LineDrive,0.799634552162,0.615248160294,0.931994605021,pipeline_new_season_predictive,posterior_cell,false
2024,LineDrive,sacrifice,PopUp,0.039757972547,0.000382257237,0.146075071413,pipeline_new_season_predictive,posterior_cell,false
2024,PopUp,fielders_choice,Fly,0.330356362714,0.013124022866,0.843493948751,pipeline_new_season_predictive,prior_only_cell,false
2024,PopUp,fielders_choice,LineDrive,0.335900658200,0.011624717133,0.834729662102,pipeline_new_season_predictive,prior_only_cell,false
2024,PopUp,fielders_choice,PopUp,0.333742979086,0.009597671234,0.831970424492,pipeline_new_season_predictive,prior_only_cell,false
2024,PopUp,hit,Fly,0.444108726767,0.158590549314,0.761576496943,pipeline_new_season_predictive,posterior_cell,false
2024,PopUp,hit,LineDrive,0.111301049988,0.002138494617,0.373462925254,pipeline_new_season_predictive,posterior_cell,false
2024,PopUp,hit,PopUp,0.444590223245,0.147224144300,0.768962015965,pipeline_new_season_predictive,posterior_cell,false
2024,PopUp,out_in_play,Fly,0.097870399758,0.064072130152,0.136046920836,pipeline_new_season_predictive,posterior_cell,false
2024,PopUp,out_in_play,LineDrive,0.001828043503,0.000000000006,0.008428446214,pipeline_new_season_predictive,posterior_cell,false
2024,PopUp,out_in_play,PopUp,0.900301556739,0.860977783429,0.933893808168,pipeline_new_season_predictive,posterior_cell,false
2024,PopUp,reached_on_error,Fly,0.167743036492,0.004616405646,0.538165779352,pipeline_new_season_predictive,posterior_cell,false
2024,PopUp,reached_on_error,LineDrive,0.168523302050,0.003967318082,0.522494776559,pipeline_new_season_predictive,posterior_cell,false
2024,PopUp,reached_on_error,PopUp,0.663733661459,0.280075655138,0.942980293073,pipeline_new_season_predictive,posterior_cell,false
2024,PopUp,sacrifice,Fly,0.340497026850,0.012178856219,0.861811165248,pipeline_new_season_predictive,prior_only_cell,false
2024,PopUp,sacrifice,LineDrive,0.333327624366,0.013917439264,0.842837144374,pipeline_new_season_predictive,prior_only_cell,false
2024,PopUp,sacrifice,PopUp,0.326175348784,0.012300752030,0.837138078416,pipeline_new_season_predictive,prior_only_cell,false
2025,Fly,fielders_choice,Fly,0.328334199973,0.011501373982,0.833317916315,referenced_season_posterior,prior_only_cell,false
2025,Fly,fielders_choice,LineDrive,0.324836313933,0.012414172677,0.835792958224,referenced_season_posterior,prior_only_cell,false
2025,Fly,fielders_choice,PopUp,0.346829486094,0.012250343659,0.855940723187,referenced_season_posterior,prior_only_cell,false
2025,Fly,hit,Fly,0.750786234162,0.711883236409,0.786091516262,referenced_season_posterior,posterior_cell,false
2025,Fly,hit,LineDrive,0.232608750342,0.197844108240,0.270457952881,referenced_season_posterior,posterior_cell,false
2025,Fly,hit,PopUp,0.016605015496,0.007695513907,0.028489857279,referenced_season_posterior,posterior_cell,false
2025,Fly,out_in_play,Fly,0.804747558651,0.782479268320,0.826044193455,referenced_season_posterior,posterior_cell,false
2025,Fly,out_in_play,LineDrive,0.051355126731,0.039774768192,0.064258783759,referenced_season_posterior,posterior_cell,false
2025,Fly,out_in_play,PopUp,0.143897314617,0.125554322884,0.163637014850,referenced_season_posterior,posterior_cell,false
2025,Fly,reached_on_error,Fly,0.327260094118,0.011874586785,0.854052255431,referenced_season_posterior,prior_only_cell,false
2025,Fly,reached_on_error,LineDrive,0.335384726749,0.012153851135,0.833311278342,referenced_season_posterior,prior_only_cell,false
2025,Fly,reached_on_error,PopUp,0.337355179133,0.010586428238,0.841760359280,referenced_season_posterior,prior_only_cell,false
2025,Fly,sacrifice,Fly,0.902283510042,0.811808911825,0.964653296763,referenced_season_posterior,posterior_cell,false
2025,Fly,sacrifice,LineDrive,0.049351734158,0.010183946808,0.116629696412,referenced_season_posterior,posterior_cell,false
2025,Fly,sacrifice,PopUp,0.048364755800,0.008013636798,0.117309504962,referenced_season_posterior,posterior_cell,false
2025,LineDrive,fielders_choice,Fly,0.332626242453,0.012647329859,0.842678600814,referenced_season_posterior,prior_only_cell,false
2025,LineDrive,fielders_choice,LineDrive,0.327118077258,0.010466068703,0.835034236779,referenced_season_posterior,prior_only_cell,false
2025,LineDrive,fielders_choice,PopUp,0.340255680289,0.013653820461,0.854676523880,referenced_season_posterior,prior_only_cell,false
2025,LineDrive,hit,Fly,0.020351048249,0.012290941625,0.030413204768,referenced_season_posterior,posterior_cell,false
2025,LineDrive,hit,LineDrive,0.978944848432,0.968767267986,0.987253684518,referenced_season_posterior,posterior_cell,false
2025,LineDrive,hit,PopUp,0.000704103319,0.000000000000,0.003204977935,referenced_season_posterior,posterior_cell,false
2025,LineDrive,out_in_play,Fly,0.098992771894,0.075134916156,0.123614097128,referenced_season_posterior,posterior_cell,false
2025,LineDrive,out_in_play,LineDrive,0.899757314990,0.875102828640,0.923764041358,referenced_season_posterior,posterior_cell,false
2025,LineDrive,out_in_play,PopUp,0.001249913116,0.000000000000,0.005363122223,referenced_season_posterior,posterior_cell,false
2025,LineDrive,reached_on_error,Fly,0.168148156016,0.005479388907,0.521550838948,referenced_season_posterior,posterior_cell,false
2025,LineDrive,reached_on_error,LineDrive,0.662527978262,0.290455978702,0.943372655405,referenced_season_posterior,posterior_cell,false
2025,LineDrive,reached_on_error,PopUp,0.169323865723,0.004368110799,0.521408479546,referenced_season_posterior,posterior_cell,false
2025,LineDrive,sacrifice,Fly,0.162481611519,0.046832463650,0.324319884927,referenced_season_posterior,posterior_cell,false
2025,LineDrive,sacrifice,LineDrive,0.799199163443,0.623297317929,0.931692303935,referenced_season_posterior,posterior_cell,false
2025,LineDrive,sacrifice,PopUp,0.038319225038,0.000701637679,0.143225548805,referenced_season_posterior,posterior_cell,false
2025,PopUp,fielders_choice,Fly,0.339359817771,0.011447796745,0.842708656183,referenced_season_posterior,prior_only_cell,false
2025,PopUp,fielders_choice,LineDrive,0.329827801090,0.011060990657,0.834352173790,referenced_season_posterior,prior_only_cell,false
2025,PopUp,fielders_choice,PopUp,0.330812381139,0.011741747921,0.840534452259,referenced_season_posterior,prior_only_cell,false
2025,PopUp,hit,Fly,0.443990832214,0.155414642812,0.755138509454,referenced_season_posterior,posterior_cell,false
2025,PopUp,hit,LineDrive,0.109670721724,0.001971654641,0.364262219993,referenced_season_posterior,posterior_cell,false
2025,PopUp,hit,PopUp,0.446338446061,0.159349045337,0.763628540320,referenced_season_posterior,posterior_cell,false
2025,PopUp,out_in_play,Fly,0.100053126700,0.076738496120,0.127398263238,referenced_season_posterior,posterior_cell,false
2025,PopUp,out_in_play,LineDrive,0.001289917677,0.000000000001,0.005350431084,referenced_season_posterior,posterior_cell,false
2025,PopUp,out_in_play,PopUp,0.898656955623,0.871008011152,0.922200925754,referenced_season_posterior,posterior_cell,false
2025,PopUp,reached_on_error,Fly,0.168033440438,0.004255175929,0.520190800827,referenced_season_posterior,posterior_cell,false
2025,PopUp,reached_on_error,LineDrive,0.166465343047,0.003788024473,0.517789562986,referenced_season_posterior,posterior_cell,false
2025,PopUp,reached_on_error,PopUp,0.665501216515,0.280997112330,0.947553843465,referenced_season_posterior,posterior_cell,false
2025,PopUp,sacrifice,Fly,0.333637496495,0.010439527840,0.842419793826,referenced_season_posterior,prior_only_cell,false
2025,PopUp,sacrifice,LineDrive,0.332059354546,0.009370234737,0.835111252007,referenced_season_posterior,prior_only_cell,false
2025,PopUp,sacrifice,PopUp,0.334303148959,0.009419488033,0.857531640416,referenced_season_posterior,prior_only_cell,false
